,product_category,product_price,total_sessions,product_view_sessions,add_to_cart_sessions,purchase_sessions,view_to_cart_percentage,cart_to_purchase_percentage,view_to_purchase_percentage,avg_view_to_cart_sec,avg_cart_to_purchase_sec
0,${escCatTitle},790000,13,5,14,0,280.0,0.0,0.0,9.0,781.0
1,${escCatTitle},990000,187,86,178,0,206.98,0.0,0.0,-16.41,691.86
2,${escCatTitle},1000000,1,1,1,0,100.0,0.0,0.0,,
3,${escCatTitle},1200000,41,18,38,0,211.11,0.0,0.0,50.86,652.5
4,${escCatTitle},1250000,17,5,16,0,320.0,0.0,0.0,52.0,892.0
5,${escCatTitle},1500000,399,148,374,0,252.7,0.0,0.0,101.32,961.94
6,${escCatTitle},1590000,62,31,64,0,206.45,0.0,0.0,8.2,670.57
7,${escCatTitle},1990000,1130,595,1112,0,186.89,0.0,0.0,22.24,892.27
8,${escCatTitle},2000000,13,2,15,0,750.0,0.0,0.0,,
9,${escCatTitle},2390000,74,34,80,0,235.29,0.0,0.0,90.4,967.71
10,${escCatTitle},2400000,27,2,33,0,1650.0,0.0,0.0,2.0,216.0
11,${escCatTitle},2500000,83,25,86,0,344.0,0.0,0.0,6.0,507.33
12,${escCatTitle},2800000,140,99,269,0,271.72,0.0,0.0,7.04,536.5
13,${escCatTitle},2990000,892,324,1017,0,313.89,0.0,0.0,6.84,724.18
14,${escCatTitle},3190000,40,5,48,0,960.0,0.0,0.0,7.5,831.11
15,${escCatTitle},3500000,753,567,1078,0,190.12,0.0,0.0,30.07,714.58
16,${escCatTitle},3600000,12,12,10,0,83.33,0.0,0.0,8.5,
17,${escCatTitle},3990000,538,154,593,0,385.06,0.0,0.0,-54.95,772.45
18,${escCatTitle},4400000,7,0,7,0,,0.0,,,281.5
19,${escCatTitle},4500000,123,101,87,0,86.14,0.0,0.0,38.89,
20,${escCatTitle},4790000,42,12,41,0,341.67,0.0,0.0,47.4,546.13
21,${escCatTitle},4990000,536,316,488,0,154.43,0.0,0.0,4.17,756.61
22,${escCatTitle},5500000,100,79,72,0,91.14,0.0,0.0,46.0,757.67
23,${escCatTitle},5590000,36,8,35,0,437.5,0.0,0.0,21.0,803.5
24,${escCatTitle},5990000,228,69,218,0,315.94,0.0,0.0,62.85,784.79
25,${escCatTitle},6390000,6,4,5,0,125.0,0.0,0.0,,
26,${escCatTitle},6990000,408,287,298,0,103.83,0.0,0.0,30.45,1083.5
27,${escCatTitle},7190000,43,13,42,0,323.08,0.0,0.0,9.5,620.9
28,${escCatTitle},7990000,234,134,199,0,148.51,0.0,0.0,59.96,396.08
29,${escCatTitle},8790000,60,16,61,0,381.25,0.0,0.0,5.0,961.13
30,${escCatTitle},8990000,404,128,381,0,297.66,0.0,0.0,-150.67,852.66
31,${escCatTitle},9590000,18,11,16,0,145.45,0.0,0.0,3.67,
32,${escCatTitle},9990000,266,102,243,0,238.24,0.0,0.0,121.44,934.15
33,${escCatTitle},10390000,41,13,40,0,307.69,0.0,0.0,3.0,427.0
34,${escCatTitle},10990000,648,251,638,0,254.18,0.0,0.0,89.02,681.79
35,${escCatTitle},11190000,27,3,26,0,866.67,0.0,0.0,,907.5
36,${escCatTitle},11990000,144,60,125,0,208.33,0.0,0.0,14.2,654.5
37,${escCatTitle},12790000,32,2,32,0,1600.0,0.0,0.0,,710.75
38,${escCatTitle},12990000,378,122,360,0,295.08,0.0,0.0,38.58,735.56
39,${escCatTitle},13590000,190,39,283,0,725.64,0.0,0.0,-47.78,697.3
40,${escCatTitle},13990000,102,40,111,0,277.5,0.0,0.0,11.33,1053.9
41,${escCatTitle},14390000,4,0,5,0,,0.0,,,
42,${escCatTitle},14990000,181,74,149,0,201.35,0.0,0.0,106.89,820.36
43,${escCatTitle},15190000,248,37,394,0,1064.86,0.0,0.0,-2.14,877.21
44,${escCatTitle},15990000,293,45,430,0,955.56,0.0,0.0,183.93,741.38
45,${escCatTitle},16790000,22,14,41,0,292.86,0.0,0.0,30.4,1195.0
46,${escCatTitle},16990000,1862,1025,3011,0,293.76,0.0,0.0,39.85,940.09
47,${escCatTitle},17590000,107,13,137,0,1053.85,0.0,0.0,12.0,883.88
48,${escCatTitle},17990000,66,32,61,0,190.63,0.0,0.0,175.0,1677.0
49,${escCatTitle},18390000,18,5,17,0,340.0,0.0,0.0,305.0,547.5
50,${escCatTitle},18990000,1512,503,2546,0,506.16,0.0,0.0,53.38,771.5
51,${escCatTitle},19190000,78,42,97,0,230.95,0.0,0.0,56.5,496.08
52,${escCatTitle},19990000,1117,325,1498,0,460.92,0.0,0.0,25.71,790.27
53,${escCatTitle},20990000,84,21,143,0,680.95,0.0,0.0,-53.2,636.5
54,${escCatTitle},21590000,14,11,16,0,145.45,0.0,0.0,-1.25,380.33
55,${escCatTitle},21990000,512,261,645,0,247.13,0.0,0.0,37.82,864.05
56,${escCatTitle},22390000,5,1,6,0,600.0,0.0,0.0,,430.5
57,${escCatTitle},22990000,180,112,147,0,131.25,0.0,0.0,11.13,1016.45
58,${escCatTitle},23190000,4,1,3,0,300.0,0.0,0.0,,317.5
59,${escCatTitle},23990000,273,153,367,0,239.87,0.0,0.0,126.52,729.94
60,${escCatTitle},24990000,714,258,820,0,317.83,0.0,0.0,67.87,963.14
61,${escCatTitle},25000000,53,52,83,0,159.62,0.0,0.0,69.17,467.15
62,${escCatTitle},26390000,20,3,25,0,833.33,0.0,0.0,,1242.0
63,${escCatTitle},27190000,14,3,27,0,900.0,0.0,0.0,,374.0
64,${escCatTitle},27990000,45,10,59,0,590.0,0.0,0.0,151.0,543.08
65,${escCatTitle},28990000,48,15,44,0,293.33,0.0,0.0,,787.17
66,${escCatTitle},29990000,270,43,531,0,1234.88,0.0,0.0,-75.4,1051.0
67,${escCatTitle},30390000,19,9,20,0,222.22,0.0,0.0,82.25,518.75
68,${escCatTitle},31990000,30,4,32,0,800.0,0.0,0.0,10.0,566.75
69,${escCatTitle},32990000,84,41,81,0,197.56,0.0,0.0,392.83,785.43
70,${escCatTitle},33590000,259,0,443,0,,0.0,,,362.34
71,${escCatTitle},33990000,75,32,163,0,509.38,0.0,0.0,-51.62,605.94
72,${escCatTitle},34990000,204,36,238,0,661.11,0.0,0.0,233.4,659.9
73,${escCatTitle},35200000,7,0,9,0,,0.0,,,2985.0
74,${escCatTitle},35990000,11,0,11,0,,0.0,,,771.0
75,${escCatTitle},37990000,92,77,109,0,141.56,0.0,0.0,62.86,531.4
76,${escCatTitle},38390000,2,1,1,0,100.0,0.0,0.0,-480.0,
77,${escCatTitle},39990000,206,97,209,0,215.46,0.0,0.0,90.85,1130.85
78,${escCatTitle},41590000,10,2,9,0,450.0,0.0,0.0,5.0,371.67
79,${escCatTitle},41990000,480,1,871,0,87100.0,0.0,0.0,,482.76
80,${escCatTitle},43990000,48,15,55,0,366.67,0.0,0.0,-41.33,453.33
81,${escCatTitle},44790000,105,34,140,0,411.76,0.0,0.0,9.5,613.71
82,${escCatTitle},44990000,49,3,51,0,1700.0,0.0,0.0,,992.11
83,${escCatTitle},46390000,3,0,3,0,,0.0,,,834.0
84,${escCatTitle},47190000,5,0,5,0,,0.0,,,
85,${escCatTitle},47990000,54,17,45,0,264.71,0.0,0.0,,602.33
86,${escCatTitle},49990000,92,52,74,0,142.31,0.0,0.0,-1.12,611.17
87,${escCatTitle},50000000,30,27,31,0,114.81,0.0,0.0,52.38,348.75
88,${escCatTitle},51990000,135,93,123,0,132.26,0.0,0.0,192.88,1065.78
89,${escCatTitle},54990000,32,8,38,0,475.0,0.0,0.0,,652.8
90,${escCatTitle},55990000,761,327,1031,0,315.29,0.0,0.0,88.44,868.0
91,${escCatTitle},57990000,11,19,8,0,42.11,0.0,0.0,77.0,
92,${escCatTitle},58990000,39,15,36,0,240.0,0.0,0.0,,412.5
93,${escCatTitle},59990000,182,76,175,0,230.26,0.0,0.0,-46.4,672.42
94,${escCatTitle},61590000,1,0,1,0,,0.0,,,
95,${escCatTitle},63990000,15,1,17,0,1700.0,0.0,0.0,,522.0
96,${escCatTitle},64990000,40,6,70,0,1166.67,0.0,0.0,,825.0
97,${escCatTitle},69990000,214,86,206,0,239.53,0.0,0.0,7.83,687.95
98,${escCatTitle},71990000,3,1,3,0,300.0,0.0,0.0,,
99,${escCatTitle},74390000,37,2,54,0,2700.0,0.0,0.0,,787.71
100,${escCatTitle},74990000,365,92,609,0,661.96,0.0,0.0,58.7,623.42
101,${escCatTitle},75990000,2,0,2,0,,0.0,,,
102,${escCatTitle},76990000,27,19,17,0,89.47,0.0,0.0,2.0,2964.0
103,${escCatTitle},79190000,38,3,43,0,1433.33,0.0,0.0,,512.21
104,${escCatTitle},79990000,142,38,139,0,365.79,0.0,0.0,15.0,557.84
105,${escCatTitle},83990000,20,3,20,0,666.67,0.0,0.0,438.0,735.25
106,${escCatTitle},87990000,64,3,97,0,3233.33,0.0,0.0,30.0,528.0
107,${escCatTitle},89990000,65,62,39,0,62.9,0.0,0.0,64.5,151.0
108,${escCatTitle},92990000,101,24,165,0,687.5,0.0,0.0,507.0,1277.67
109,${escCatTitle},94990000,11,0,16,0,,0.0,,,142.0
110,${escCatTitle},95990000,56,3,91,0,3033.33,0.0,0.0,,499.69
111,${escCatTitle},97990000,12,12,7,0,58.33,0.0,0.0,,
112,${escCatTitle},98990000,159,41,214,0,521.95,0.0,0.0,73.5,895.71
113,${escCatTitle},99990000,578,309,530,0,171.52,0.0,0.0,88.21,766.76
114,${escCatTitle},100000000,25,7,37,0,528.57,0.0,0.0,368.0,377.2
115,${escCatTitle},104990000,49,23,57,0,247.83,0.0,0.0,14.25,1287.83
116,${escCatTitle},107990000,5,2,10,0,500.0,0.0,0.0,,
117,${escCatTitle},109990000,196,64,281,0,439.06,0.0,0.0,193.6,845.69
118,${escCatTitle},111990000,1,0,1,0,,0.0,,,
119,${escCatTitle},119990000,138,33,221,0,669.7,0.0,0.0,-8.5,846.3
120,${escCatTitle},139990000,8,0,12,0,,0.0,,,
121,${escCatTitle},145990000,117,28,104,0,371.43,0.0,0.0,,783.5
122,${escCatTitle},249000000,5,4,4,0,100.0,0.0,0.0,,
123,${escCatTitle},250000000,16,3,31,0,1033.33,0.0,0.0,23.0,1310.0
124,${productitem.product.origCatName},790000,1,0,0,2,,,,,
125,${productitem.product.origCatName},990000,3,0,0,6,,,,,
126,${productitem.product.origCatName},1200000,6,0,0,12,,,,,
127,${productitem.product.origCatName},1500000,6,0,0,16,,,,,
128,${productitem.product.origCatName},1590000,9,0,0,18,,,,,
129,${productitem.product.origCatName},1990000,10,0,0,20,,,,,
130,${productitem.product.origCatName},2000000,1,0,0,2,,,,,
131,${productitem.product.origCatName},2390000,6,0,0,14,,,,,
132,${productitem.product.origCatName},2790000,2,0,0,4,,,,,
133,${productitem.product.origCatName},2800000,7,0,0,18,,,,,
134,${productitem.product.origCatName},2990000,10,0,0,24,,,,,
135,${productitem.product.origCatName},3190000,1,0,0,2,,,,,
136,${productitem.product.origCatName},3350000,1,0,0,2,,,,,
137,${productitem.product.origCatName},3490000,1,0,0,2,,,,,
138,${productitem.product.origCatName},3500000,3,0,0,6,,,,,
139,${productitem.product.origCatName},3600000,1,0,0,2,,,,,
140,${productitem.product.origCatName},3990000,6,0,0,12,,,,,
141,${productitem.product.origCatName},4080000,1,0,0,2,,,,,
142,${productitem.product.origCatName},4400000,1,0,0,2,,,,,
143,${productitem.product.origCatName},4500000,1,0,0,2,,,,,
144,${productitem.product.origCatName},4560000,2,0,0,4,,,,,
145,${productitem.product.origCatName},4790000,2,0,0,4,,,,,
146,${productitem.product.origCatName},4800000,1,0,0,2,,,,,
147,${productitem.product.origCatName},4990000,3,0,0,6,,,,,
148,${productitem.product.origCatName},5100000,1,0,0,2,,,,,
149,${productitem.product.origCatName},5700000,2,0,0,6,,,,,
150,${productitem.product.origCatName},6000000,1,0,0,2,,,,,
151,${productitem.product.origCatName},6150000,1,0,0,2,,,,,
152,${productitem.product.origCatName},6990000,3,0,0,6,,,,,
153,${productitem.product.origCatName},7190000,2,0,0,4,,,,,
154,${productitem.product.origCatName},7600000,3,0,0,6,,,,,
155,${productitem.product.origCatName},7990000,1,0,0,2,,,,,
156,${productitem.product.origCatName},8000000,2,0,0,4,,,,,
157,${productitem.product.origCatName},8790000,2,0,0,4,,,,,
158,${productitem.product.origCatName},8800000,1,0,0,2,,,,,
159,${productitem.product.origCatName},8990000,3,0,0,6,,,,,
160,${productitem.product.origCatName},9090000,1,0,0,2,,,,,
161,${productitem.product.origCatName},9200000,1,0,0,2,,,,,
162,${productitem.product.origCatName},9510000,2,0,0,4,,,,,
163,${productitem.product.origCatName},9600000,1,0,0,2,,,,,
164,${productitem.product.origCatName},9990000,1,0,0,2,,,,,
165,${productitem.product.origCatName},10630000,5,0,0,12,,,,,
166,${productitem.product.origCatName},10990000,2,0,0,6,,,,,
167,${productitem.product.origCatName},11000000,1,0,0,2,,,,,
168,${productitem.product.origCatName},11190000,7,0,0,16,,,,,
169,${productitem.product.origCatName},11750000,1,0,0,2,,,,,
170,${productitem.product.origCatName},11890000,2,0,0,4,,,,,
171,${productitem.product.origCatName},12990000,2,0,0,4,,,,,
172,${productitem.product.origCatName},13290000,4,0,0,8,,,,,
173,${productitem.product.origCatName},13590000,7,0,0,20,,,,,
174,${productitem.product.origCatName},13990000,5,0,0,10,,,,,
175,${productitem.product.origCatName},15190000,7,0,0,14,,,,,
176,${productitem.product.origCatName},15670000,1,0,0,2,,,,,
177,${productitem.product.origCatName},15990000,4,0,0,8,,,,,
178,${productitem.product.origCatName},16500000,1,0,0,4,,,,,
179,${productitem.product.origCatName},16990000,10,0,0,22,,,,,
180,${productitem.product.origCatName},17590000,3,0,0,6,,,,,
181,${productitem.product.origCatName},18990000,6,0,0,12,,,,,
182,${productitem.product.origCatName},19190000,3,0,0,6,,,,,
183,${productitem.product.origCatName},19990000,8,0,0,16,,,,,
184,${productitem.product.origCatName},24640000,1,0,0,2,,,,,
185,${productitem.product.origCatName},24990000,1,0,0,2,,,,,
186,${productitem.product.origCatName},27190000,1,0,0,2,,,,,
187,${productitem.product.origCatName},27990000,1,0,0,2,,,,,
188,${productitem.product.origCatName},28000000,1,0,0,2,,,,,
189,${productitem.product.origCatName},30390000,1,0,0,2,,,,,
190,${productitem.product.origCatName},31350000,1,0,0,2,,,,,
191,${productitem.product.origCatName},31990000,1,0,0,2,,,,,
192,${productitem.product.origCatName},33590000,2,0,0,6,,,,,
193,${productitem.product.origCatName},34990000,1,0,0,2,,,,,
194,${productitem.product.origCatName},41990000,1,0,0,2,,,,,
195,${productitem.product.origCatName},47990000,1,0,0,2,,,,,
196,${productitem.product.origCatName},55000000,1,0,0,2,,,,,
197,${productitem.product.origCatName},59990000,1,0,0,2,,,,,
198,${productitem.product.origCatName},67190000,1,0,0,2,,,,,
199,Accessories,3990000,14,0,0,28,,,,,
200,Accessories,4990000,8,0,0,16,,,,,
201,Accessories,7190000,12,0,0,30,,,,,
202,Accessories,8990000,10,0,0,20,,,,,
203,Accessories,13590000,4,0,0,8,,,,,
204,Accessories,16990000,4,0,0,10,,,,,
205,Accessories,33590000,1,0,0,2,,,,,
206,Accessories,39990000,4,0,0,8,,,,,
207,Accessories,41990000,1,0,0,2,,,,,
208,Accessories,47990000,1,0,0,2,,,,,
209,Accessories,49990000,2,0,0,4,,,,,
210,Accessories,59990000,3,0,0,6,,,,,
211,Android,11190000,3,0,0,6,,,,,
212,Android,13990000,2,0,0,4,,,,,
213,Android,15990000,12,0,0,24,,,,,
214,Android,19990000,11,0,0,22,,,,,
215,Apparel,1590000,1,0,0,4,,,,,
216,Apparel,4080000,14,0,0,38,,,,,
217,Apparel,4560000,70,0,0,234,,,,,
218,Apparel,4800000,61,0,0,174,,,,,
219,Apparel,4990000,1,0,0,2,,,,,
220,Apparel,5100000,15,0,0,50,,,,,
221,Apparel,5280000,4,0,0,8,,,,,
222,Apparel,5700000,51,0,0,180,,,,,
223,Apparel,6000000,44,0,0,182,,,,,
224,Apparel,6600000,2,0,0,4,,,,,
225,Apparel,6800000,13,0,0,30,,,,,
226,Apparel,7200000,9,0,0,20,,,,,
227,Apparel,7600000,51,0,0,118,,,,,
228,Apparel,8000000,25,0,0,62,,,,,
229,Apparel,8400000,27,0,0,64,,,,,
230,Apparel,8490000,4,0,0,10,,,,,
231,Apparel,8790000,128,0,0,284,,,,,
232,Apparel,8800000,16,0,0,32,,,,,
233,Apparel,8990000,1,0,0,2,,,,,
234,Apparel,9000000,4,0,0,10,,,,,
235,Apparel,9490000,28,0,0,62,,,,,
236,Apparel,9510000,61,0,0,172,,,,,
237,Apparel,9600000,13,0,0,28,,,,,
238,Apparel,9990000,18,0,0,46,,,,,
239,Apparel,10500000,7,0,0,16,,,,,
240,Apparel,10630000,302,0,0,844,,,,,
241,Apparel,10990000,226,0,0,476,,,,,
242,Apparel,11000000,6,0,0,14,,,,,
243,Apparel,11190000,128,0,0,354,,,,,
244,Apparel,11750000,46,0,0,122,,,,,
245,Apparel,11890000,35,0,0,94,,,,,
246,Apparel,12000000,18,0,0,48,,,,,
247,Apparel,12310000,98,0,0,230,,,,,
248,Apparel,13200000,17,0,0,34,,,,,
249,Apparel,13290000,215,0,0,567,,,,,
250,Apparel,13430000,22,0,0,46,,,,,
251,Apparel,13590000,590,0,0,1880,,,,,
252,Apparel,13920000,2,0,0,4,,,,,
253,Apparel,13990000,130,0,0,328,,,,,
254,Apparel,14690000,44,0,0,92,,,,,
255,Apparel,15000000,5,0,0,12,,,,,
256,Apparel,15190000,441,0,0,1270,,,,,
257,Apparel,15390000,55,0,0,166,,,,,
258,Apparel,15990000,325,0,0,834,,,,,
259,Apparel,16230000,4,0,0,8,,,,,
260,Apparel,16500000,9,0,0,20,,,,,
261,Apparel,16790000,59,0,0,170,,,,,
262,Apparel,16990000,505,0,0,1597,,,,,
263,Apparel,17400000,1,0,0,2,,,,,
264,Apparel,17490000,23,0,0,48,,,,,
265,Apparel,17590000,54,0,0,164,,,,,
266,Apparel,18990000,331,0,0,956,,,,,
267,Apparel,19030000,6,0,0,12,,,,,
268,Apparel,19190000,173,0,0,412,,,,,
269,Apparel,19590000,12,0,0,26,,,,,
270,Apparel,19990000,239,0,0,690,,,,,
271,Apparel,20990000,40,0,0,98,,,,,
272,Apparel,21270000,1,0,0,2,,,,,
273,Apparel,21990000,32,0,0,106,,,,,
274,Apparel,22000000,4,0,0,8,,,,,
275,Apparel,23190000,6,0,0,12,,,,,
276,Apparel,23760000,16,0,0,34,,,,,
277,Apparel,23790000,2,0,0,12,,,,,
278,Apparel,23990000,97,0,0,244,,,,,
279,Apparel,24490000,4,0,0,10,,,,,
280,Apparel,24640000,19,0,0,42,,,,,
281,Apparel,24990000,48,0,0,156,,,,,
282,Apparel,26000000,10,0,0,20,,,,,
283,Apparel,26400000,10,0,0,20,,,,,
284,Apparel,26590000,1,0,0,12,,,,,
285,Apparel,27190000,72,0,0,154,,,,,
286,Apparel,27500000,1,0,0,2,,,,,
287,Apparel,27990000,17,0,0,36,,,,,
288,Apparel,28000000,10,0,0,20,,,,,
289,Apparel,29110000,4,0,0,8,,,,,
290,Apparel,29700000,2,0,0,4,,,,,
291,Apparel,29990000,44,0,0,114,,,,,
292,Apparel,30000000,6,0,0,12,,,,,
293,Apparel,30390000,89,0,0,194,,,,,
294,Apparel,30790000,24,0,0,48,,,,,
295,Apparel,31350000,39,0,0,108,,,,,
296,Apparel,31990000,47,0,0,114,,,,,
297,Apparel,32470000,1,0,0,4,,,,,
298,Apparel,32490000,2,0,0,6,,,,,
299,Apparel,33000000,1,0,0,2,,,,,
300,Apparel,33590000,282,0,0,760,,,,,
301,Apparel,33990000,13,0,0,32,,,,,
302,Apparel,34990000,21,0,0,56,,,,,
303,Apparel,35200000,11,0,0,24,,,,,
304,Apparel,36390000,28,0,0,70,,,,,
305,Apparel,36990000,1,0,0,2,,,,,
306,Apparel,37200000,11,0,0,22,,,,,
307,Apparel,37490000,4,0,0,8,,,,,
308,Apparel,37990000,16,0,0,34,,,,,
309,Apparel,38490000,6,0,0,12,,,,,
310,Apparel,39190000,43,0,0,94,,,,,
311,Apparel,39990000,40,0,0,106,,,,,
312,Apparel,41590000,44,0,0,102,,,,,
313,Apparel,41990000,89,0,0,220,,,,,
314,Apparel,42000000,6,0,0,12,,,,,
315,Apparel,43990000,3,0,0,6,,,,,
316,Apparel,44000000,20,0,0,46,,,,,
317,Apparel,44790000,239,0,0,600,,,,,
318,Apparel,45490000,2,0,0,4,,,,,
319,Apparel,46500000,3,0,0,6,,,,,
320,Apparel,48000000,11,0,0,24,,,,,
321,Apparel,48990000,10,0,0,22,,,,,
322,Apparel,49990000,3,0,0,8,,,,,
323,Apparel,50390000,1,0,0,2,,,,,
324,Apparel,51990000,22,0,0,52,,,,,
325,Apparel,52070000,29,0,0,62,,,,,
326,Apparel,52490000,18,0,0,38,,,,,
327,Apparel,52500000,3,0,0,6,,,,,
328,Apparel,53190000,2,0,0,4,,,,,
329,Apparel,55000000,6,0,0,12,,,,,
330,Apparel,55430000,19,0,0,40,,,,,
331,Apparel,55990000,132,0,0,338,,,,,
332,Apparel,57990000,2,0,0,4,,,,,
333,Apparel,58790000,17,0,0,38,,,,,
334,Apparel,59990000,113,0,0,252,,,,,
335,Apparel,60000000,3,0,0,6,,,,,
336,Apparel,61590000,54,0,0,112,,,,,
337,Apparel,62990000,2,0,0,14,,,,,
338,Apparel,64990000,2,0,0,4,,,,,
339,Apparel,65090000,14,0,0,38,,,,,
340,Apparel,67190000,58,0,0,132,,,,,
341,Apparel,69290000,7,0,0,16,,,,,
342,Apparel,69990000,3,0,0,6,,,,,
343,Apparel,71990000,7,0,0,16,,,,,
344,Apparel,73490000,2,0,0,4,,,,,
345,Apparel,74390000,4,0,0,8,,,,,
346,Apparel,74990000,50,0,0,120,,,,,
347,Apparel,76990000,18,0,0,38,,,,,
348,Apparel,79190000,37,0,0,82,,,,,
349,Apparel,83990000,9,0,0,20,,,,,
350,Apparel,86390000,1,0,0,2,,,,,
351,Apparel,87990000,18,0,0,42,,,,,
352,Apparel,89990000,1,0,0,2,,,,,
353,Apparel,92990000,4,0,0,10,,,,,
354,Apparel,95990000,10,0,0,22,,,,,
355,Apparel,98990000,10,0,0,20,,,,,
356,Apparel,109990000,5,0,0,10,,,,,
357,Apparel,111990000,4,0,0,8,,,,,
358,Apparel,119990000,4,0,0,10,,,,,
359,Apparel,139990000,1,0,0,2,,,,,
360,Backpacks,38390000,10,0,0,20,,,,,
361,Backpacks,47990000,7,0,0,14,,,,,
362,Backpacks,79990000,17,0,0,34,,,,,
363,Backpacks,99990000,17,0,0,42,,,,,
364,Bags,990000,1,0,0,2,,,,,
365,Bags,2800000,21,0,0,42,,,,,
366,Bags,3500000,32,0,0,68,,,,,
367,Bags,3990000,157,0,0,348,,,,,
368,Bags,4990000,152,0,0,366,,,,,
369,Bags,7990000,22,0,0,44,,,,,
370,Bags,8390000,16,0,0,32,,,,,
371,Bags,8790000,8,0,0,16,,,,,
372,Bags,8990000,1,0,0,2,,,,,
373,Bags,9990000,19,0,0,40,,,,,
374,Bags,10490000,3,0,0,6,,,,,
375,Bags,10990000,8,0,0,16,,,,,
376,Bags,11190000,23,0,0,48,,,,,
377,Bags,11990000,12,0,0,24,,,,,
378,Bags,12310000,4,0,0,8,,,,,
379,Bags,12790000,93,0,0,188,,,,,
380,Bags,13990000,36,0,0,74,,,,,
381,Bags,14990000,9,0,0,18,,,,,
382,Bags,15390000,2,0,0,4,,,,,
383,Bags,15990000,51,0,0,102,,,,,
384,Bags,17590000,22,0,0,44,,,,,
385,Bags,18990000,1,0,0,2,,,,,
386,Bags,19990000,13,0,0,26,,,,,
387,Bags,21990000,5,0,0,10,,,,,
388,Bags,27990000,18,0,0,36,,,,,
389,Bags,34990000,3,0,0,6,,,,,
390,Bags,55990000,42,0,0,86,,,,,
391,Bags,69990000,38,0,0,78,,,,,
392,Bags,79990000,94,0,0,204,,,,,
393,Bags,99990000,67,0,0,146,,,,,
394,Bottles,2390000,35,0,0,72,,,,,
395,Bottles,2990000,46,0,0,96,,,,,
396,Bottles,3990000,31,0,0,64,,,,,
397,Bottles,4990000,33,0,0,68,,,,,
398,Bottles,8990000,1,0,0,2,,,,,
399,Bottles/,2990000,6,14,5,0,35.71,0.0,0.0,105.5,395.0
400,Bottles/,4990000,1,1,0,0,0.0,,0.0,,
401,Bottles/,7990000,1,1,0,0,0.0,,0.0,,
402,Bottles/,9990000,1,3,0,0,0.0,,0.0,,
403,Bottles/,10990000,2,4,0,0,0.0,,0.0,,
404,Bottles/,18990000,3,3,0,0,0.0,,0.0,178.0,
405,Bottles/,24990000,1,1,0,0,0.0,,0.0,,
406,Drinkware,990000,1,0,0,2,,,,,
407,Drinkware,1110000,22,0,0,44,,,,,
408,Drinkware,1390000,22,0,0,44,,,,,
409,Drinkware,1590000,57,0,0,118,,,,,
410,Drinkware,1990000,52,0,0,106,,,,,
411,Drinkware,2390000,132,0,0,354,,,,,
412,Drinkware,2800000,17,0,0,34,,,,,
413,Drinkware,2990000,174,0,0,481,,,,,
414,Drinkware,3500000,20,0,0,40,,,,,
415,Drinkware,4990000,1,0,0,4,,,,,
416,Drinkware,6390000,37,0,0,74,,,,,
417,Drinkware,7190000,51,0,0,104,,,,,
418,Drinkware,7830000,1,0,0,2,,,,,
419,Drinkware,7990000,59,0,0,120,,,,,
420,Drinkware,8790000,21,0,0,42,,,,,
421,Drinkware,8990000,52,0,0,110,,,,,
422,Drinkware,9790000,2,0,0,4,,,,,
423,Drinkware,9990000,20,0,0,40,,,,,
424,Drinkware,10390000,137,0,0,306,,,,,
425,Drinkware,10630000,11,0,0,22,,,,,
426,Drinkware,10990000,11,0,0,22,,,,,
427,Drinkware,11190000,52,0,0,134,,,,,
428,Drinkware,12990000,120,0,0,252,,,,,
429,Drinkware,13290000,2,0,0,4,,,,,
430,Drinkware,13430000,12,0,0,34,,,,,
431,Drinkware,13990000,29,0,0,66,,,,,
432,Drinkware,15190000,87,0,0,180,,,,,
433,Drinkware,15990000,17,0,0,34,,,,,
434,Drinkware,16790000,10,0,0,24,,,,,
435,Drinkware,17590000,20,0,0,50,,,,,
436,Drinkware,18990000,47,0,0,112,,,,,
437,Drinkware,19190000,6,0,0,14,,,,,
438,Drinkware,19990000,194,0,0,410,,,,,
439,Drinkware,21990000,11,0,0,24,,,,,
440,Drinkware,23990000,3,0,0,12,,,,,
441,Drinkware,24990000,106,0,0,232,,,,,
442,Drinkware,27190000,4,0,0,8,,,,,
443,Drinkware,33990000,7,0,0,14,,,,,
444,Electronics,1200000,55,0,0,112,,,,,
445,Electronics,1500000,108,0,0,218,,,,,
446,Electronics,3120000,7,0,0,16,,,,,
447,Electronics,3490000,2,0,0,4,,,,,
448,Electronics,3900000,7,0,0,14,,,,,
449,Electronics,3990000,48,0,0,102,,,,,
450,Electronics,4990000,70,0,0,164,,,,,
451,Electronics,5590000,24,0,0,48,,,,,
452,Electronics,6990000,26,0,0,52,,,,,
453,Electronics,8790000,11,0,0,22,,,,,
454,Electronics,9200000,6,0,0,12,,,,,
455,Electronics,10390000,4,0,0,8,,,,,
456,Electronics,10990000,12,0,0,24,,,,,
457,Electronics,11500000,2,0,0,4,,,,,
458,Electronics,12990000,3,0,0,6,,,,,
459,Electronics,13590000,33,0,0,68,,,,,
460,Electronics,14400000,4,0,0,8,,,,,
461,Electronics,15670000,3,0,0,6,,,,,
462,Electronics,16990000,28,0,0,56,,,,,
463,Electronics,18390000,17,0,0,36,,,,,
464,Electronics,18990000,1,0,0,2,,,,,
465,Electronics,19590000,1,0,0,2,,,,,
466,Electronics,22390000,10,0,0,22,,,,,
467,Electronics,22400000,8,0,0,16,,,,,
468,Electronics,22990000,14,0,0,30,,,,,
469,Electronics,27990000,33,0,0,66,,,,,
470,Electronics,28000000,7,0,0,14,,,,,
471,Electronics,30390000,4,0,0,8,,,,,
472,Electronics,31990000,8,0,0,16,,,,,
473,Electronics,34990000,18,0,0,38,,,,,
474,Electronics,37990000,5,0,0,12,,,,,
475,Electronics,39990000,29,0,0,60,,,,,
476,Electronics,41990000,1,0,0,2,,,,,
477,Electronics,44790000,9,0,0,18,,,,,
478,Electronics,47190000,6,0,0,12,,,,,
479,Electronics,47990000,8,0,0,16,,,,,
480,Electronics,49990000,15,0,0,32,,,,,
481,Electronics,55990000,6,0,0,14,,,,,
482,Electronics,58990000,13,0,0,26,,,,,
483,Electronics,59990000,8,0,0,18,,,,,
484,Electronics,61590000,4,0,0,8,,,,,
485,Electronics,63990000,3,0,0,6,,,,,
486,Electronics,76990000,2,0,0,4,,,,,
487,Electronics,79990000,1,0,0,2,,,,,
488,Electronics,119990000,7,0,0,16,,,,,
489,Electronics,145990000,11,0,0,24,,,,,
490,Fun,3600000,13,0,0,28,,,,,
491,Fun,4500000,6,0,0,12,,,,,
492,Fun,7190000,26,0,0,58,,,,,
493,Fun,8990000,22,0,0,52,,,,,
494,Gift Cards,25000000,22,0,0,116,,,,,
495,Gift Cards,50000000,8,0,0,20,,,,,
496,Gift Cards,100000000,9,0,0,20,,,,,
497,Gift Cards,250000000,2,0,0,6,,,,,
498,Google,11190000,31,0,0,62,,,,,
499,Google,13990000,11,0,0,24,,,,,
500,Google,17490000,1,0,0,2,,,,,
501,Google,19990000,41,0,0,82,,,,,
502,Google,24990000,7,0,0,14,,,,,
503,Headgear,8800000,5,0,0,12,,,,,
504,Headgear,9200000,8,0,0,16,,,,,
505,Headgear,9990000,5,0,0,10,,,,,
506,Headgear,10630000,32,0,0,72,,,,,
507,Headgear,11500000,8,0,0,16,,,,,
508,Headgear,12310000,21,0,0,52,,,,,
509,Headgear,12500000,3,0,0,6,,,,,
510,Headgear,13290000,22,0,0,46,,,,,
511,Headgear,13990000,8,0,0,16,,,,,
512,Headgear,15190000,57,0,0,130,,,,,
513,Headgear,15390000,19,0,0,40,,,,,
514,Headgear,17490000,14,0,0,32,,,,,
515,Headgear,17590000,35,0,0,74,,,,,
516,Headgear,18390000,5,0,0,12,,,,,
517,Headgear,18990000,63,0,0,134,,,,,
518,Headgear,19990000,24,0,0,50,,,,,
519,Headgear,21990000,43,0,0,94,,,,,
520,Headgear,22990000,16,0,0,32,,,,,
521,Headgear,24990000,25,0,0,58,,,,,
522,Home/Accessories/,1200000,21,25,6,0,24.0,0.0,0.0,126.75,
523,Home/Accessories/,1500000,280,370,107,0,28.92,0.0,0.0,88.33,1014.67
524,Home/Accessories/,1590000,34,40,30,0,75.0,0.0,0.0,12.0,562.0
525,Home/Accessories/,1990000,440,586,245,0,41.81,0.0,0.0,36.47,1291.19
526,Home/Accessories/,2000000,5,5,7,0,140.0,0.0,0.0,137.0,
527,Home/Accessories/,2390000,6,7,3,0,42.86,0.0,0.0,,
528,Home/Accessories/,2500000,64,75,30,0,40.0,0.0,0.0,97.46,1025.0
529,Home/Accessories/,2800000,1,1,1,0,100.0,0.0,0.0,,
530,Home/Accessories/,2990000,111,130,73,0,56.15,0.0,0.0,-13.68,714.5
531,Home/Accessories/,3190000,30,34,26,0,76.47,0.0,0.0,-309.6,1663.5
532,Home/Accessories/,3500000,21,31,8,0,25.81,0.0,0.0,-23.75,
533,Home/Accessories/,3600000,7,10,2,0,20.0,0.0,0.0,2.0,
534,Home/Accessories/,3990000,302,352,148,0,42.05,0.0,0.0,-23.17,886.84
535,Home/Accessories/,4500000,46,51,25,0,49.02,0.0,0.0,16.33,
536,Home/Accessories/,4990000,93,105,25,0,23.81,0.0,0.0,23.45,1446.0
537,Home/Accessories/,5590000,5,5,2,0,40.0,0.0,0.0,-122.67,
538,Home/Accessories/,6990000,60,76,7,0,9.21,0.0,0.0,-2.0,1024.0
539,Home/Accessories/,7190000,4,5,2,0,40.0,0.0,0.0,16.0,
540,Home/Accessories/,8990000,41,43,9,0,20.93,0.0,0.0,-12.67,517.0
541,Home/Accessories/,9590000,10,18,3,0,16.67,0.0,0.0,33.0,
542,Home/Accessories/,10390000,4,4,0,0,0.0,,0.0,53.0,
543,Home/Accessories/,10990000,10,10,3,0,30.0,0.0,0.0,45.0,
544,Home/Accessories/,11190000,6,7,3,0,42.86,0.0,0.0,88.33,755.0
545,Home/Accessories/,11990000,61,68,8,0,11.76,0.0,0.0,98.25,
546,Home/Accessories/,12990000,63,75,4,0,5.33,0.0,0.0,79.25,
547,Home/Accessories/,13590000,1,1,0,0,0.0,,0.0,,
548,Home/Accessories/,13990000,60,68,22,0,32.35,0.0,0.0,-117.11,
549,Home/Accessories/,14390000,8,9,1,0,11.11,0.0,0.0,8.0,138.0
550,Home/Accessories/,16990000,6,7,0,0,0.0,,0.0,256.0,
551,Home/Accessories/,17590000,10,12,1,0,8.33,0.0,0.0,3007.0,
552,Home/Accessories/,17990000,75,86,4,0,4.65,0.0,0.0,219.4,
553,Home/Accessories/,18390000,6,7,1,0,14.29,0.0,0.0,,133.0
554,Home/Accessories/,21990000,46,65,2,0,3.08,0.0,0.0,110.0,
555,Home/Accessories/,22990000,54,68,5,0,7.35,0.0,0.0,-216.0,
556,Home/Accessories/,47990000,4,5,0,0,0.0,,0.0,,
557,Home/Accessories/,49990000,1,1,0,0,0.0,,0.0,,
558,Home/Accessories/,59990000,70,97,0,0,0.0,,0.0,258.2,
559,Home/Accessories/Fun/,1590000,96,118,61,0,51.69,0.0,0.0,192.33,962.67
560,Home/Accessories/Fun/,1990000,714,972,352,0,36.21,0.0,0.0,36.41,928.45
561,Home/Accessories/Fun/,2000000,21,27,13,0,48.15,0.0,0.0,16.0,475.0
562,Home/Accessories/Fun/,2500000,216,250,94,0,37.6,0.0,0.0,45.73,1110.0
563,Home/Accessories/Fun/,2800000,104,141,88,0,62.41,0.0,0.0,-12.64,1080.5
564,Home/Accessories/Fun/,3190000,74,82,52,0,63.41,0.0,0.0,87.06,430.88
565,Home/Accessories/Fun/,3500000,777,1052,370,0,35.17,0.0,0.0,124.03,968.42
566,Home/Accessories/Fun/,3600000,39,41,22,0,53.66,0.0,0.0,57.63,545.0
567,Home/Accessories/Fun/,3990000,582,731,252,0,34.47,0.0,0.0,67.78,862.35
568,Home/Accessories/Fun/,4500000,336,431,108,0,25.06,0.0,0.0,152.47,6490.0
569,Home/Accessories/Fun/,7190000,35,44,25,0,56.82,0.0,0.0,-30.25,129.0
570,Home/Accessories/Fun/,7990000,19,22,7,0,31.82,0.0,0.0,344.0,
571,Home/Accessories/Fun/,8790000,10,15,2,0,13.33,0.0,0.0,11.0,
572,Home/Accessories/Fun/,8990000,191,247,73,0,29.55,0.0,0.0,19.39,890.5
573,Home/Accessories/Fun/,9590000,32,38,2,0,5.26,0.0,0.0,-21.17,
574,Home/Accessories/Fun/,9990000,82,101,16,0,15.84,0.0,0.0,198.0,460.0
575,Home/Accessories/Fun/,10990000,72,89,15,0,16.85,0.0,0.0,125.63,363.0
576,Home/Accessories/Fun/,11990000,242,279,19,0,6.81,0.0,0.0,225.0,
577,Home/Accessories/Fun/,17590000,18,23,1,0,4.35,0.0,0.0,337.5,
578,Home/Accessories/Fun/,21990000,150,181,10,0,5.52,0.0,0.0,47.42,
579,Home/Accessories/Housewares/,1590000,37,41,28,0,68.29,0.0,0.0,6.25,500.0
580,Home/Accessories/Housewares/,1990000,196,220,103,0,46.82,0.0,0.0,33.25,490.87
581,Home/Accessories/Housewares/,2800000,31,34,13,0,38.24,0.0,0.0,397.0,210.0
582,Home/Accessories/Housewares/,3500000,125,137,30,0,21.9,0.0,0.0,88.59,1042.5
583,Home/Accessories/Housewares/,5590000,17,20,2,0,10.0,0.0,0.0,,
584,Home/Accessories/Housewares/,6990000,132,157,11,0,7.01,0.0,0.0,98.33,517.0
585,Home/Accessories/Housewares/,7190000,13,23,7,0,30.43,0.0,0.0,122.0,228.0
586,Home/Accessories/Housewares/,8990000,76,96,14,0,14.58,0.0,0.0,11.57,1041.0
587,Home/Accessories/Housewares/,11190000,18,24,9,0,37.5,0.0,0.0,273.75,
588,Home/Accessories/Housewares/,13990000,126,138,35,0,25.36,0.0,0.0,-34.06,415.0
589,Home/Accessories/Housewares/,14390000,14,17,1,0,5.88,0.0,0.0,53.5,
590,Home/Accessories/Housewares/,17990000,171,209,12,0,5.74,0.0,0.0,221.42,821.0
591,Home/Accessories/Pet/,1200000,18,20,23,0,115.0,0.0,0.0,4.67,694.5
592,Home/Accessories/Pet/,1500000,143,187,125,0,66.84,0.0,0.0,19.43,748.0
593,Home/Accessories/Pet/,3990000,64,78,47,0,60.26,0.0,0.0,-22.1,189.0
594,Home/Accessories/Pet/,4990000,317,424,174,0,41.04,0.0,0.0,4.7,740.33
595,Home/Accessories/Pet/,5590000,29,31,19,0,61.29,0.0,0.0,33.0,
596,Home/Accessories/Pet/,6990000,133,156,41,0,26.28,0.0,0.0,110.18,725.33
597,Home/Accessories/Sports & Fitness/,1590000,20,24,12,0,50.0,0.0,0.0,57.6,
598,Home/Accessories/Sports & Fitness/,1990000,170,202,62,0,30.69,0.0,0.0,97.0,
599,Home/Accessories/Sports & Fitness/,10390000,15,18,1,0,5.56,0.0,0.0,,
600,Home/Accessories/Sports & Fitness/,12990000,124,150,11,0,7.33,0.0,0.0,154.2,539.5
601,Home/Accessories/Sports & Fitness/,21590000,23,28,8,0,28.57,0.0,0.0,184.4,313.0
602,Home/Accessories/Sports & Fitness/,22990000,192,239,31,0,12.97,0.0,0.0,91.12,518.5
603,Home/Accessories/Sports & Fitness/,39990000,9,10,0,0,0.0,,0.0,,
604,Home/Accessories/Sports & Fitness/,47990000,20,20,0,0,0.0,,0.0,23.0,
605,Home/Accessories/Sports & Fitness/,49990000,54,69,5,0,7.25,0.0,0.0,122.25,178.5
606,Home/Accessories/Sports & Fitness/,59990000,120,136,8,0,5.88,0.0,0.0,360.86,
607,Home/Accessories/Stickers/,1200000,81,90,33,0,36.67,0.0,0.0,-95.5,1551.25
608,Home/Accessories/Stickers/,1500000,1035,1279,139,0,10.87,0.0,0.0,103.53,826.8
609,Home/Accessories/Stickers/,1590000,145,209,139,0,66.51,0.0,0.0,13.68,817.7
610,Home/Accessories/Stickers/,1990000,1838,2740,1174,0,42.85,0.0,0.0,41.39,850.33
611,Home/Accessories/Stickers/,2390000,219,314,184,0,58.6,0.0,0.0,87.44,910.94
612,Home/Accessories/Stickers/,2800000,9,9,6,0,66.67,0.0,0.0,61.0,
613,Home/Accessories/Stickers/,2990000,1931,2868,1082,0,37.73,0.0,0.0,44.53,907.27
614,Home/Accessories/Stickers/,3500000,29,36,5,0,13.89,0.0,0.0,555.67,
615,Home/Accessories/Stickers/,13590000,9,16,1,0,6.25,0.0,0.0,,
616,Home/Accessories/Stickers/,16990000,45,62,5,0,8.06,0.0,0.0,35.75,
617,Home/Apparel/,4500000,52,91,30,0,32.97,0.0,0.0,101.31,2342.0
618,Home/Apparel/,7190000,1,1,0,0,0.0,,0.0,,
619,Home/Apparel/,8790000,7,7,3,0,42.86,0.0,0.0,2.5,
620,Home/Apparel/,8990000,64,76,12,0,15.79,0.0,0.0,25.5,779.0
621,Home/Apparel/,9590000,2,3,1,0,33.33,0.0,0.0,4.0,
622,Home/Apparel/,10990000,411,583,163,0,27.96,0.0,0.0,98.67,1018.91
623,Home/Apparel/,11990000,74,96,21,0,21.88,0.0,0.0,65.06,2353.0
624,Home/Apparel/,13590000,13,15,13,0,86.67,0.0,0.0,4.5,722.6
625,Home/Apparel/,15190000,12,12,3,0,25.0,0.0,0.0,4.0,
626,Home/Apparel/,16990000,607,890,195,0,21.91,0.0,0.0,65.56,821.27
627,Home/Apparel/,17590000,3,3,2,0,66.67,0.0,0.0,2.0,-319.0
628,Home/Apparel/,18390000,1,1,0,0,0.0,,0.0,-663.0,
629,Home/Apparel/,18990000,231,319,70,0,21.94,0.0,0.0,68.84,1241.17
630,Home/Apparel/,19190000,1,1,0,0,0.0,,0.0,,
631,Home/Apparel/,19990000,9,9,3,0,33.33,0.0,0.0,271.25,883.0
632,Home/Apparel/,21990000,129,169,31,0,18.34,0.0,0.0,35.05,658.6
633,Home/Apparel/,22990000,107,137,31,0,22.63,0.0,0.0,181.84,690.67
634,Home/Apparel/,24990000,279,415,96,0,23.13,0.0,0.0,13.19,1125.33
635,Home/Apparel/,29990000,1,2,0,0,0.0,,0.0,398.0,
636,Home/Apparel/,44790000,1,1,0,0,0.0,,0.0,,
637,Home/Apparel/,51990000,1,1,0,0,0.0,,0.0,,
638,Home/Apparel/,55990000,1,1,0,0,0.0,,0.0,,
639,Home/Apparel/,69990000,2,4,0,0,0.0,,0.0,159.0,
640,Home/Apparel/,92990000,2,1,2,0,200.0,0.0,0.0,,
641,Home/Apparel/,119990000,3,6,2,0,33.33,0.0,0.0,8.0,325.0
642,Home/Apparel/Headgear/,8790000,152,217,87,0,40.09,0.0,0.0,42.56,575.73
643,Home/Apparel/Headgear/,10990000,1474,2120,584,0,27.55,0.0,0.0,74.47,820.39
644,Home/Apparel/Headgear/,15190000,130,196,56,0,28.57,0.0,0.0,23.65,623.67
645,Home/Apparel/Headgear/,17590000,66,89,31,0,34.83,0.0,0.0,18.43,397.67
646,Home/Apparel/Headgear/,18390000,29,34,5,0,14.71,0.0,0.0,174.0,
647,Home/Apparel/Headgear/,18990000,835,1249,237,0,18.98,0.0,0.0,78.47,861.0
648,Home/Apparel/Headgear/,19990000,58,66,19,0,28.79,0.0,0.0,-9.5,897.0
649,Home/Apparel/Headgear/,21990000,434,613,122,0,19.9,0.0,0.0,50.61,667.55
650,Home/Apparel/Headgear/,22990000,297,361,55,0,15.24,0.0,0.0,83.79,943.0
651,Home/Apparel/Headgear/,24990000,433,598,100,0,16.72,0.0,0.0,28.67,750.8
652,Home/Apparel/Kid's/,9590000,13,20,10,0,50.0,0.0,0.0,54.0,
653,Home/Apparel/Kid's/,11990000,100,144,31,0,21.53,0.0,0.0,34.75,
654,Home/Apparel/Kid's/,13590000,18,56,11,0,19.64,0.0,0.0,-12.29,393.0
655,Home/Apparel/Kid's/,15190000,2,2,0,0,0.0,,0.0,,
656,Home/Apparel/Kid's/,16990000,117,243,35,0,14.4,0.0,0.0,16.56,1507.0
657,Home/Apparel/Kid's/,18990000,4,4,1,0,25.0,0.0,0.0,,
658,Home/Apparel/Kid's/,19190000,17,28,14,0,50.0,0.0,0.0,19.67,461.0
659,Home/Apparel/Kid's/,19990000,3,4,1,0,25.0,0.0,0.0,,
660,Home/Apparel/Kid's/,23990000,119,209,38,0,18.18,0.0,0.0,234.83,854.71
661,Home/Apparel/Kid's/,24990000,9,11,2,0,18.18,0.0,0.0,9.0,
662,Home/Apparel/Kid's/,27190000,3,5,4,0,80.0,0.0,0.0,88.0,
663,Home/Apparel/Kid's/,30390000,17,29,15,0,51.72,0.0,0.0,195.0,589.33
664,Home/Apparel/Kid's/,33990000,35,55,11,0,20.0,0.0,0.0,71.75,760.0
665,Home/Apparel/Kid's/,37990000,110,221,19,0,8.6,0.0,0.0,96.57,1178.67
666,Home/Apparel/Kid's/,43990000,3,5,0,0,0.0,,0.0,47.0,
667,Home/Apparel/Kid's/Kid's-Infant/,9590000,84,110,89,0,80.91,0.0,0.0,34.5,819.5
668,Home/Apparel/Kid's/Kid's-Infant/,11990000,227,287,168,0,58.54,0.0,0.0,11.09,854.67
669,Home/Apparel/Kid's/Kid's-Infant/,13590000,70,130,80,0,61.54,0.0,0.0,49.65,388.33
670,Home/Apparel/Kid's/Kid's-Infant/,16990000,172,257,109,0,42.41,0.0,0.0,107.46,921.3
671,Home/Apparel/Kid's/Kid's-Infant/,19190000,185,292,187,0,64.04,0.0,0.0,29.06,809.52
672,Home/Apparel/Kid's/Kid's-Infant/,23990000,507,802,376,0,46.88,0.0,0.0,51.88,555.63
673,Home/Apparel/Kid's/Kid's-Infant/,27190000,50,68,39,0,57.35,0.0,0.0,-8.46,549.5
674,Home/Apparel/Kid's/Kid's-Infant/,30390000,107,151,71,0,47.02,0.0,0.0,58.88,455.94
675,Home/Apparel/Kid's/Kid's-Infant/,33990000,185,242,122,0,50.41,0.0,0.0,89.47,465.72
676,Home/Apparel/Kid's/Kid's-Infant/,37990000,242,335,106,0,31.64,0.0,0.0,105.32,640.87
677,Home/Apparel/Kid's/Kid's-Toddler/,9590000,10,14,8,0,57.14,0.0,0.0,-161.0,
678,Home/Apparel/Kid's/Kid's-Toddler/,11990000,38,52,15,0,28.85,0.0,0.0,79.87,
679,Home/Apparel/Kid's/Kid's-Toddler/,13590000,149,251,154,0,61.35,0.0,0.0,30.71,628.33
680,Home/Apparel/Kid's/Kid's-Toddler/,15190000,10,10,8,0,80.0,0.0,0.0,5.0,359.0
681,Home/Apparel/Kid's/Kid's-Toddler/,16990000,360,587,207,0,35.26,0.0,0.0,120.24,901.33
682,Home/Apparel/Kid's/Kid's-Toddler/,18990000,14,16,5,0,31.25,0.0,0.0,20.67,1260.0
683,Home/Apparel/Kid's/Kid's-Toddler/,19190000,34,42,18,0,42.86,0.0,0.0,179.67,574.0
684,Home/Apparel/Kid's/Kid's-Toddler/,23990000,81,104,36,0,34.62,0.0,0.0,69.37,754.4
685,Home/Apparel/Kid's/Kid's-Toddler/,30390000,54,78,37,0,47.44,0.0,0.0,50.71,456.0
686,Home/Apparel/Kid's/Kid's-Toddler/,37990000,162,234,58,0,24.79,0.0,0.0,74.23,562.86
687,Home/Apparel/Kid's/Kids-Youth/,15190000,158,344,154,0,44.77,0.0,0.0,37.05,832.32
688,Home/Apparel/Kid's/Kids-Youth/,17590000,22,30,16,0,53.33,0.0,0.0,22.67,488.0
689,Home/Apparel/Kid's/Kids-Youth/,18990000,695,1248,412,0,33.01,0.0,0.0,75.31,769.09
690,Home/Apparel/Kid's/Kids-Youth/,19990000,33,36,22,0,61.11,0.0,0.0,-41.5,747.5
691,Home/Apparel/Kid's/Kids-Youth/,21990000,94,129,33,0,25.58,0.0,0.0,83.73,697.0
692,Home/Apparel/Kid's/Kids-Youth/,24990000,124,176,51,0,28.98,0.0,0.0,10.54,677.13
693,Home/Apparel/Kid's/Kids-Youth/,35200000,42,50,20,0,40.0,0.0,0.0,-18.33,196.5
694,Home/Apparel/Kid's/Kids-Youth/,43990000,196,262,56,0,21.37,0.0,0.0,101.69,809.33
695,Home/Apparel/Men's/,7190000,1,1,1,0,100.0,0.0,0.0,1.0,285.0
696,Home/Apparel/Men's/,8990000,10,10,4,0,40.0,0.0,0.0,31.5,1077.0
697,Home/Apparel/Men's/,13590000,70,101,62,0,61.39,0.0,0.0,50.97,783.87
698,Home/Apparel/Men's/,15190000,29,43,22,0,51.16,0.0,0.0,27.5,415.0
699,Home/Apparel/Men's/,15990000,8,9,3,0,33.33,0.0,0.0,5.0,1394.0
700,Home/Apparel/Men's/,16790000,17,26,13,0,50.0,0.0,0.0,14.86,503.67
701,Home/Apparel/Men's/,16990000,911,1446,455,0,31.47,0.0,0.0,62.75,874.9
702,Home/Apparel/Men's/,18990000,384,624,198,0,31.73,0.0,0.0,61.3,741.69
703,Home/Apparel/Men's/,19990000,50,76,24,0,31.58,0.0,0.0,-2.31,871.75
704,Home/Apparel/Men's/,20990000,64,91,30,0,32.97,0.0,0.0,29.07,1006.33
705,Home/Apparel/Men's/,23990000,6,6,4,0,66.67,0.0,0.0,-358.0,
706,Home/Apparel/Men's/,24990000,117,152,47,0,30.92,0.0,0.0,95.39,264.2
707,Home/Apparel/Men's/,29990000,103,178,34,0,19.1,0.0,0.0,56.04,497.5
708,Home/Apparel/Men's/,31990000,4,6,3,0,50.0,0.0,0.0,-598.0,
709,Home/Apparel/Men's/,33590000,11,21,25,0,119.05,0.0,0.0,-150.4,
710,Home/Apparel/Men's/,34990000,2,4,2,0,50.0,0.0,0.0,,
711,Home/Apparel/Men's/,39990000,10,14,3,0,21.43,0.0,0.0,43.25,1639.0
712,Home/Apparel/Men's/,41590000,11,16,5,0,31.25,0.0,0.0,5.0,
713,Home/Apparel/Men's/,41990000,38,53,18,0,33.96,0.0,0.0,244.8,302.0
714,Home/Apparel/Men's/,43990000,1,1,0,0,0.0,,0.0,,
715,Home/Apparel/Men's/,44790000,64,78,29,0,37.18,0.0,0.0,-33.08,1313.25
716,Home/Apparel/Men's/,51990000,111,166,31,0,18.67,0.0,0.0,92.06,292.25
717,Home/Apparel/Men's/,55990000,562,862,173,0,20.07,0.0,0.0,96.18,666.5
718,Home/Apparel/Men's/,59990000,11,13,1,0,7.69,0.0,0.0,-523.0,
719,Home/Apparel/Men's/,69990000,1,3,0,0,0.0,,0.0,,
720,Home/Apparel/Men's/,74390000,1,1,0,0,0.0,,0.0,,
721,Home/Apparel/Men's/,74990000,118,183,15,0,8.2,0.0,0.0,186.78,975.0
722,Home/Apparel/Men's/,79190000,2,3,2,0,66.67,0.0,0.0,1.0,
723,Home/Apparel/Men's/,87990000,15,23,0,0,0.0,,0.0,48.25,
724,Home/Apparel/Men's/,92990000,2,3,0,0,0.0,,0.0,,
725,Home/Apparel/Men's/,95990000,7,14,2,0,14.29,0.0,0.0,9.5,781.0
726,Home/Apparel/Men's/,98990000,3,3,0,0,0.0,,0.0,,
727,Home/Apparel/Men's/,109990000,98,131,11,0,8.4,0.0,0.0,256.31,337.0
728,Home/Apparel/Men's/,119990000,26,48,6,0,12.5,0.0,0.0,167.6,5995.0
729,Home/Apparel/Men's/Men's-Outerwear/,31990000,103,194,48,0,24.74,0.0,0.0,-71.43,502.0
730,Home/Apparel/Men's/Men's-Outerwear/,33590000,26,53,17,0,32.08,0.0,0.0,16.0,164.0
731,Home/Apparel/Men's/Men's-Outerwear/,39990000,544,843,129,0,15.3,0.0,0.0,119.2,347.43
732,Home/Apparel/Men's/Men's-Outerwear/,41590000,74,104,32,0,30.77,0.0,0.0,150.75,400.25
733,Home/Apparel/Men's/Men's-Outerwear/,41990000,95,149,38,0,25.5,0.0,0.0,22.67,
734,Home/Apparel/Men's/Men's-Outerwear/,44790000,280,420,152,0,36.19,0.0,0.0,45.66,449.38
735,Home/Apparel/Men's/Men's-Outerwear/,51990000,556,774,125,0,16.15,0.0,0.0,109.94,512.42
736,Home/Apparel/Men's/Men's-Outerwear/,55990000,1822,2851,478,0,16.77,0.0,0.0,71.71,713.92
737,Home/Apparel/Men's/Men's-Outerwear/,59990000,184,284,53,0,18.66,0.0,0.0,-28.75,510.8
738,Home/Apparel/Men's/Men's-Outerwear/,69990000,76,105,9,0,8.57,0.0,0.0,167.0,667.0
739,Home/Apparel/Men's/Men's-Outerwear/,74390000,35,48,5,0,10.42,0.0,0.0,-16.63,111.0
740,Home/Apparel/Men's/Men's-Outerwear/,74990000,918,1483,212,0,14.3,0.0,0.0,118.65,603.5
741,Home/Apparel/Men's/Men's-Outerwear/,79190000,30,41,0,0,0.0,,0.0,322.5,
742,Home/Apparel/Men's/Men's-Outerwear/,87990000,115,171,33,0,19.3,0.0,0.0,103.15,360.6
743,Home/Apparel/Men's/Men's-Outerwear/,92990000,333,545,36,0,6.61,0.0,0.0,69.46,960.0
744,Home/Apparel/Men's/Men's-Outerwear/,95990000,67,106,22,0,20.75,0.0,0.0,-46.57,472.2
745,Home/Apparel/Men's/Men's-Outerwear/,98990000,162,245,11,0,4.49,0.0,0.0,78.86,224.5
746,Home/Apparel/Men's/Men's-Outerwear/,109990000,518,776,99,0,12.76,0.0,0.0,66.97,832.44
747,Home/Apparel/Men's/Men's-Outerwear/,119990000,292,427,40,0,9.37,0.0,0.0,309.85,332.75
748,Home/Apparel/Men's/Men's-Performance Wear/,17590000,104,219,72,0,32.88,0.0,0.0,-5.07,668.0
749,Home/Apparel/Men's/Men's-Performance Wear/,21990000,375,649,122,0,18.8,0.0,0.0,135.26,691.0
750,Home/Apparel/Men's/Men's-Performance Wear/,43990000,26,36,9,0,25.0,0.0,0.0,71.4,557.0
751,Home/Apparel/Men's/Men's-Performance Wear/,54990000,111,142,17,0,11.97,0.0,0.0,118.92,1145.0
752,Home/Apparel/Men's/Men's-Performance Wear/,55990000,42,61,16,0,26.23,0.0,0.0,38.82,466.75
753,Home/Apparel/Men's/Men's-Performance Wear/,69990000,146,223,24,0,10.76,0.0,0.0,144.47,738.0
754,Home/Apparel/Men's/Men's-Performance Wear/,79190000,9,10,0,0,0.0,,0.0,161.0,
755,Home/Apparel/Men's/Men's-Performance Wear/,87990000,55,77,12,0,15.58,0.0,0.0,152.83,1058.67
756,Home/Apparel/Men's/Men's-Performance Wear/,95990000,54,70,9,0,12.86,0.0,0.0,-137.5,1154.5
757,Home/Apparel/Men's/Men's-Performance Wear/,98990000,70,91,9,0,9.89,0.0,0.0,16.33,
758,Home/Apparel/Men's/Men's-Performance Wear/,109990000,239,322,41,0,12.73,0.0,0.0,104.09,1158.33
759,Home/Apparel/Men's/Men's-Performance Wear/,119990000,253,385,33,0,8.57,0.0,0.0,38.5,557.0
760,Home/Apparel/Men's/Men's-T-Shirts/,13590000,344,573,411,0,71.73,0.0,0.0,39.29,651.71
761,Home/Apparel/Men's/Men's-T-Shirts/,15190000,202,303,166,0,54.79,0.0,0.0,52.88,755.06
762,Home/Apparel/Men's/Men's-T-Shirts/,15990000,23,33,14,0,42.42,0.0,0.0,9.1,1154.0
763,Home/Apparel/Men's/Men's-T-Shirts/,16790000,27,37,15,0,40.54,0.0,0.0,-13.71,476.67
764,Home/Apparel/Men's/Men's-T-Shirts/,16990000,4011,6593,1840,0,27.91,0.0,0.0,83.11,751.5
765,Home/Apparel/Men's/Men's-T-Shirts/,17590000,1,1,0,0,0.0,,0.0,-293.0,
766,Home/Apparel/Men's/Men's-T-Shirts/,18990000,2128,3582,964,0,26.91,0.0,0.0,58.03,819.37
767,Home/Apparel/Men's/Men's-T-Shirts/,19990000,475,717,183,0,25.52,0.0,0.0,89.39,736.87
768,Home/Apparel/Men's/Men's-T-Shirts/,20990000,188,332,72,0,21.69,0.0,0.0,26.13,648.8
769,Home/Apparel/Men's/Men's-T-Shirts/,21990000,6,7,3,0,42.86,0.0,0.0,264.67,
770,Home/Apparel/Men's/Men's-T-Shirts/,23990000,37,57,18,0,31.58,0.0,0.0,34.44,269.5
771,Home/Apparel/Men's/Men's-T-Shirts/,24990000,367,540,125,0,23.15,0.0,0.0,65.22,480.86
772,Home/Apparel/Men's/Men's-T-Shirts/,27990000,10,14,9,0,64.29,0.0,0.0,-194.67,
773,Home/Apparel/Men's/Men's-T-Shirts/,29990000,369,603,118,0,19.57,0.0,0.0,85.28,725.5
774,Home/Apparel/Men's/Men's-T-Shirts/,34990000,43,74,11,0,14.86,0.0,0.0,89.75,581.0
775,Home/Apparel/Men's/Men's-T-Shirts/,49990000,1,2,0,0,0.0,,0.0,,
776,Home/Apparel/Men's/Men's-T-Shirts/,54990000,3,3,0,0,0.0,,0.0,,
777,Home/Apparel/Men's/Men's-T-Shirts/,71990000,22,28,2,0,7.14,0.0,0.0,238.33,576.0
778,Home/Apparel/Men's/Men's-T-Shirts/,89990000,241,339,8,0,2.36,0.0,0.0,396.41,107.5
779,Home/Apparel/Women's/,3600000,9,10,6,0,60.0,0.0,0.0,3.0,
780,Home/Apparel/Women's/,4500000,78,104,26,0,25.0,0.0,0.0,35.5,
781,Home/Apparel/Women's/,7190000,3,4,1,0,25.0,0.0,0.0,-168.0,
782,Home/Apparel/Women's/,8990000,29,37,11,0,29.73,0.0,0.0,33.67,779.0
783,Home/Apparel/Women's/,13590000,27,39,23,0,58.97,0.0,0.0,-62.67,386.0
784,Home/Apparel/Women's/,15190000,39,58,41,0,70.69,0.0,0.0,-63.54,828.0
785,Home/Apparel/Women's/,15990000,17,23,10,0,43.48,0.0,0.0,49.17,552.0
786,Home/Apparel/Women's/,16990000,210,315,96,0,30.48,0.0,0.0,105.74,538.33
787,Home/Apparel/Women's/,18990000,232,392,135,0,34.44,0.0,0.0,45.81,639.58
788,Home/Apparel/Women's/,19190000,7,10,4,0,40.0,0.0,0.0,,
789,Home/Apparel/Women's/,19990000,91,123,35,0,28.46,0.0,0.0,135.41,1215.0
790,Home/Apparel/Women's/,23990000,60,79,28,0,35.44,0.0,0.0,47.06,
791,Home/Apparel/Women's/,29990000,6,10,1,0,10.0,0.0,0.0,-26.5,
792,Home/Apparel/Women's/,44790000,29,46,15,0,32.61,0.0,0.0,78.91,391.67
793,Home/Apparel/Women's/,54990000,2,2,0,0,0.0,,0.0,,
794,Home/Apparel/Women's/,55990000,200,280,52,0,18.57,0.0,0.0,149.09,504.5
795,Home/Apparel/Women's/,59990000,17,26,2,0,7.69,0.0,0.0,33.0,
796,Home/Apparel/Women's/,74390000,2,3,1,0,33.33,0.0,0.0,,
797,Home/Apparel/Women's/,74990000,47,67,16,0,23.88,0.0,0.0,215.86,372.0
798,Home/Apparel/Women's/,79190000,4,7,0,0,0.0,,0.0,,
799,Home/Apparel/Women's/,87990000,6,7,0,0,0.0,,0.0,,
800,Home/Apparel/Women's/,92990000,1,1,0,0,0.0,,0.0,,
801,Home/Apparel/Women's/,95990000,1,2,0,0,0.0,,0.0,,
802,Home/Apparel/Women's/,98990000,28,44,0,0,0.0,,0.0,90.25,
803,Home/Apparel/Women's/,109990000,28,38,11,0,28.95,0.0,0.0,9.2,826.0
804,Home/Apparel/Women's/,111990000,1,1,0,0,0.0,,0.0,,
805,Home/Apparel/Women's/,119990000,3,4,0,0,0.0,,0.0,16.0,
806,Home/Apparel/Women's/Women's-Outerwear/,23990000,34,42,10,0,23.81,0.0,0.0,31.88,446.0
807,Home/Apparel/Women's/Women's-Outerwear/,29990000,128,174,42,0,24.14,0.0,0.0,31.96,452.25
808,Home/Apparel/Women's/Women's-Outerwear/,44790000,114,144,54,0,37.5,0.0,0.0,47.9,439.22
809,Home/Apparel/Women's/Women's-Outerwear/,51990000,27,41,4,0,9.76,0.0,0.0,213.2,451.0
810,Home/Apparel/Women's/Women's-Outerwear/,55990000,439,611,129,0,21.11,0.0,0.0,83.78,663.59
811,Home/Apparel/Women's/Women's-Outerwear/,59990000,66,94,19,0,20.21,0.0,0.0,119.33,239.5
812,Home/Apparel/Women's/Women's-Outerwear/,64990000,65,105,17,0,16.19,0.0,0.0,-198.14,1277.0
813,Home/Apparel/Women's/Women's-Outerwear/,74390000,2,2,0,0,0.0,,0.0,,
814,Home/Apparel/Women's/Women's-Outerwear/,74990000,235,374,58,0,15.51,0.0,0.0,126.23,562.1
815,Home/Apparel/Women's/Women's-Outerwear/,75990000,5,7,0,0,0.0,,0.0,-391.0,
816,Home/Apparel/Women's/Women's-Outerwear/,79190000,32,39,4,0,10.26,0.0,0.0,-202.6,
817,Home/Apparel/Women's/Women's-Outerwear/,83990000,27,36,4,0,11.11,0.0,0.0,-114.5,326.0
818,Home/Apparel/Women's/Women's-Outerwear/,87990000,29,39,6,0,15.38,0.0,0.0,173.0,347.0
819,Home/Apparel/Women's/Women's-Outerwear/,92990000,29,38,8,0,21.05,0.0,0.0,3.5,351.0
820,Home/Apparel/Women's/Women's-Outerwear/,94990000,39,71,2,0,2.82,0.0,0.0,271.5,
821,Home/Apparel/Women's/Women's-Outerwear/,95990000,35,45,9,0,20.0,0.0,0.0,106.25,208.5
822,Home/Apparel/Women's/Women's-Outerwear/,98990000,134,204,18,0,8.82,0.0,0.0,100.05,344.67
823,Home/Apparel/Women's/Women's-Outerwear/,104990000,109,140,17,0,12.14,0.0,0.0,127.27,
824,Home/Apparel/Women's/Women's-Outerwear/,109990000,75,125,18,0,14.4,0.0,0.0,36.0,383.0
825,Home/Apparel/Women's/Women's-Outerwear/,119990000,140,194,18,0,9.28,0.0,0.0,84.47,197.5
826,Home/Apparel/Women's/Women's-Outerwear/,139990000,1,3,0,0,0.0,,0.0,,
827,Home/Apparel/Women's/Women's-Performance Wear/,17590000,20,32,10,0,31.25,0.0,0.0,7.0,
828,Home/Apparel/Women's/Women's-Performance Wear/,21990000,65,106,12,0,11.32,0.0,0.0,311.75,670.0
829,Home/Apparel/Women's/Women's-Performance Wear/,43990000,9,9,1,0,11.11,0.0,0.0,119.5,
830,Home/Apparel/Women's/Women's-Performance Wear/,51990000,30,50,19,0,38.0,0.0,0.0,292.0,334.0
831,Home/Apparel/Women's/Women's-Performance Wear/,54990000,38,54,11,0,20.37,0.0,0.0,-133.2,936.0
832,Home/Apparel/Women's/Women's-Performance Wear/,64990000,77,112,14,0,12.5,0.0,0.0,12.33,106.0
833,Home/Apparel/Women's/Women's-Performance Wear/,75990000,9,12,3,0,25.0,0.0,0.0,156.0,
834,Home/Apparel/Women's/Women's-Performance Wear/,79190000,62,89,12,0,13.48,0.0,0.0,69.5,676.0
835,Home/Apparel/Women's/Women's-Performance Wear/,83990000,20,28,7,0,25.0,0.0,0.0,23.5,1056.0
836,Home/Apparel/Women's/Women's-Performance Wear/,94990000,28,28,1,0,3.57,0.0,0.0,32.33,
837,Home/Apparel/Women's/Women's-Performance Wear/,95990000,23,29,3,0,10.34,0.0,0.0,516.4,
838,Home/Apparel/Women's/Women's-Performance Wear/,98990000,242,362,41,0,11.33,0.0,0.0,79.79,1407.0
839,Home/Apparel/Women's/Women's-Performance Wear/,104990000,68,92,13,0,14.13,0.0,0.0,128.0,987.0
840,Home/Apparel/Women's/Women's-Performance Wear/,119990000,94,116,8,0,6.9,0.0,0.0,122.0,
841,Home/Apparel/Women's/Women's-T-Shirts/,13590000,98,131,75,0,57.25,0.0,0.0,135.97,485.57
842,Home/Apparel/Women's/Women's-T-Shirts/,15190000,174,287,168,0,58.54,0.0,0.0,33.13,646.54
843,Home/Apparel/Women's/Women's-T-Shirts/,15990000,55,91,41,0,45.05,0.0,0.0,-33.21,787.3
844,Home/Apparel/Women's/Women's-T-Shirts/,16990000,701,1095,324,0,29.59,0.0,0.0,71.71,617.36
845,Home/Apparel/Women's/Women's-T-Shirts/,18990000,887,1451,538,0,37.08,0.0,0.0,31.6,834.0
846,Home/Apparel/Women's/Women's-T-Shirts/,19190000,31,52,18,0,34.62,0.0,0.0,61.38,352.5
847,Home/Apparel/Women's/Women's-T-Shirts/,19990000,361,557,155,0,27.83,0.0,0.0,80.03,887.43
848,Home/Apparel/Women's/Women's-T-Shirts/,21990000,1,1,0,0,0.0,,0.0,,
849,Home/Apparel/Women's/Women's-T-Shirts/,23990000,162,239,58,0,24.27,0.0,0.0,51.79,669.5
850,Home/Apparel/Women's/Women's-T-Shirts/,29990000,5,5,2,0,40.0,0.0,0.0,307.0,1087.0
851,Home/Apparel/Women's/Women's-T-Shirts/,49990000,1,1,0,0,0.0,,0.0,,
852,Home/Apparel/Women's/Women's-T-Shirts/,54990000,1,2,0,0,0.0,,0.0,,
853,Home/Apparel/Women's/Women's-T-Shirts/,89990000,1,1,0,0,0.0,,0.0,,
854,Home/Bags/,3500000,15,21,7,0,33.33,0.0,0.0,131.0,680.0
855,Home/Bags/,3990000,84,111,57,0,51.35,0.0,0.0,24.56,1089.55
856,Home/Bags/,4990000,791,1118,297,0,26.57,0.0,0.0,43.8,1077.7
857,Home/Bags/,7990000,19,22,8,0,36.36,0.0,0.0,22.75,222.0
858,Home/Bags/,8790000,8,11,2,0,18.18,0.0,0.0,134.0,
859,Home/Bags/,9990000,143,168,28,0,16.67,0.0,0.0,105.2,1181.0
860,Home/Bags/,10990000,164,247,28,0,11.34,0.0,0.0,172.78,-236.0
861,Home/Bags/,11190000,7,11,4,0,36.36,0.0,0.0,,
862,Home/Bags/,11990000,25,33,2,0,6.06,0.0,0.0,126.6,
863,Home/Bags/,12790000,57,71,30,0,42.25,0.0,0.0,136.36,186.0
864,Home/Bags/,13990000,281,375,63,0,16.8,0.0,0.0,86.06,1107.8
865,Home/Bags/,14990000,280,376,21,0,5.59,0.0,0.0,191.87,
866,Home/Bags/,15990000,254,356,75,0,21.07,0.0,0.0,32.1,906.33
867,Home/Bags/,17590000,15,15,3,0,20.0,0.0,0.0,72.0,
868,Home/Bags/,19990000,76,110,23,0,20.91,0.0,0.0,193.55,426.0
869,Home/Bags/,21990000,178,254,10,0,3.94,0.0,0.0,84.09,
870,Home/Bags/,27990000,12,17,5,0,29.41,0.0,0.0,299.0,
871,Home/Bags/,34990000,84,118,16,0,13.56,0.0,0.0,165.5,3262.0
872,Home/Bags/,38390000,1,2,0,0,0.0,,0.0,,
873,Home/Bags/,39990000,1,3,0,0,0.0,,0.0,,
874,Home/Bags/,47990000,48,70,5,0,7.14,0.0,0.0,172.67,
875,Home/Bags/,49990000,4,4,0,0,0.0,,0.0,,
876,Home/Bags/,55990000,24,27,1,0,3.7,0.0,0.0,59.0,
877,Home/Bags/,59990000,10,13,0,0,0.0,,0.0,,
878,Home/Bags/,63990000,6,6,1,0,16.67,0.0,0.0,38.0,151.0
879,Home/Bags/,69990000,460,629,28,0,4.45,0.0,0.0,122.46,782.5
880,Home/Bags/,79990000,142,221,20,0,9.05,0.0,0.0,115.33,251.0
881,Home/Bags/,99990000,1951,3302,169,0,5.12,0.0,0.0,160.75,945.12
882,Home/Bags/Backpacks/,38390000,52,79,11,0,13.92,0.0,0.0,-231.0,221.0
883,Home/Bags/Backpacks/,47990000,467,696,52,0,7.47,0.0,0.0,92.71,1387.0
884,Home/Bags/Backpacks/,55990000,184,227,30,0,13.22,0.0,0.0,116.89,689.17
885,Home/Bags/Backpacks/,69990000,1543,2044,149,0,7.29,0.0,0.0,133.41,424.22
886,Home/Bags/Backpacks/,79990000,472,883,83,0,9.4,0.0,0.0,54.89,416.61
887,Home/Bags/Backpacks/,99990000,4137,7557,547,0,7.24,0.0,0.0,107.35,683.28
888,Home/Bags/More Bags/,3990000,74,88,42,0,47.73,0.0,0.0,-35.36,969.71
889,Home/Bags/More Bags/,4990000,401,535,171,0,31.96,0.0,0.0,100.93,935.88
890,Home/Bags/More Bags/,8790000,7,8,3,0,37.5,0.0,0.0,10.0,539.0
891,Home/Bags/More Bags/,10990000,51,61,7,0,11.48,0.0,0.0,19.33,477.0
892,Home/Bags/More Bags/,11190000,10,10,3,0,30.0,0.0,0.0,4.0,
893,Home/Bags/More Bags/,11990000,52,63,7,0,11.11,0.0,0.0,121.33,402.67
894,Home/Bags/More Bags/,13990000,120,141,30,0,21.28,0.0,0.0,24.82,992.5
895,Home/Bags/More Bags/,14990000,229,294,21,0,7.14,0.0,0.0,140.64,
896,Home/Bags/More Bags/,15990000,31,35,13,0,37.14,0.0,0.0,17.6,726.0
897,Home/Bags/More Bags/,17590000,73,98,30,0,30.61,0.0,0.0,-2.0,1631.0
898,Home/Bags/More Bags/,19990000,137,180,30,0,16.67,0.0,0.0,153.53,450.5
899,Home/Bags/More Bags/,21990000,353,471,53,0,11.25,0.0,0.0,126.92,1103.5
900,Home/Bags/More Bags/,39990000,6,7,0,0,0.0,,0.0,,
901,Home/Bags/More Bags/,47990000,21,21,1,0,4.76,0.0,0.0,351.0,
902,Home/Bags/More Bags/,49990000,49,56,0,0,0.0,,0.0,405.33,
903,Home/Bags/More Bags/,59990000,114,143,1,0,0.7,0.0,0.0,222.14,
904,Home/Bags/More Bags/,63990000,35,36,5,0,13.89,0.0,0.0,936.0,1194.0
905,Home/Bags/More Bags/,79990000,188,220,25,0,11.36,0.0,0.0,100.42,468.0
906,Home/Bags/Shopping and Totes/,2800000,26,31,16,0,51.61,0.0,0.0,0.75,221.0
907,Home/Bags/Shopping and Totes/,3500000,138,161,66,0,40.99,0.0,0.0,-29.09,920.78
908,Home/Bags/Shopping and Totes/,3990000,69,83,29,0,34.94,0.0,0.0,23.0,116.0
909,Home/Bags/Shopping and Totes/,4990000,325,380,114,0,30.0,0.0,0.0,115.48,778.58
910,Home/Bags/Shopping and Totes/,7990000,47,55,20,0,36.36,0.0,0.0,-21.0,400.0
911,Home/Bags/Shopping and Totes/,9990000,218,274,51,0,18.61,0.0,0.0,52.3,648.8
912,Home/Bags/Shopping and Totes/,12790000,112,142,50,0,35.21,0.0,0.0,31.53,420.73
913,Home/Bags/Shopping and Totes/,15990000,367,444,118,0,26.58,0.0,0.0,92.32,562.56
914,Home/Bags/Shopping and Totes/,27990000,46,61,10,0,16.39,0.0,0.0,41.5,712.5
915,Home/Bags/Shopping and Totes/,34990000,180,233,30,0,12.88,0.0,0.0,49.23,1199.25
916,Home/Clearance Sale/,1590000,2,2,2,0,100.0,0.0,0.0,-185.5,424.0
917,Home/Clearance Sale/,1990000,8,37,3,0,8.11,0.0,0.0,199.5,
918,Home/Clearance Sale/,2500000,2,7,0,0,0.0,,0.0,,
919,Home/Clearance Sale/,3990000,5,6,6,0,100.0,0.0,0.0,,
920,Home/Clearance Sale/,4790000,3,3,4,0,133.33,0.0,0.0,1.0,132.0
921,Home/Clearance Sale/,4990000,11,12,5,0,41.67,0.0,0.0,172.67,
922,Home/Clearance Sale/,5500000,2,3,0,0,0.0,,0.0,,
923,Home/Clearance Sale/,5990000,6,10,1,0,10.0,0.0,0.0,8.0,2062.0
924,Home/Clearance Sale/,6990000,3,4,1,0,25.0,0.0,0.0,5.0,1459.0
925,Home/Clearance Sale/,7190000,2,2,2,0,100.0,0.0,0.0,2.0,
926,Home/Clearance Sale/,8990000,2,6,2,0,33.33,0.0,0.0,5.0,
927,Home/Clearance Sale/,9590000,3,4,0,0,0.0,,0.0,,
928,Home/Clearance Sale/,9990000,2,4,0,0,0.0,,0.0,,
929,Home/Clearance Sale/,10390000,1,2,0,0,0.0,,0.0,,
930,Home/Clearance Sale/,10990000,5,5,3,0,60.0,0.0,0.0,2.0,351.0
931,Home/Clearance Sale/,11990000,3,3,0,0,0.0,,0.0,,
932,Home/Clearance Sale/,12990000,15,71,3,0,4.23,0.0,0.0,101.67,
933,Home/Clearance Sale/,14390000,1,2,0,0,0.0,,0.0,,
934,Home/Clearance Sale/,15190000,4,4,3,0,75.0,0.0,0.0,6.0,1028.0
935,Home/Clearance Sale/,15990000,1,1,0,0,0.0,,0.0,,
936,Home/Clearance Sale/,16990000,3,4,0,0,0.0,,0.0,164.0,
937,Home/Clearance Sale/,17990000,4,8,1,0,12.5,0.0,0.0,,
938,Home/Clearance Sale/,18990000,9,14,5,0,35.71,0.0,0.0,28.2,207.0
939,Home/Clearance Sale/,19990000,26,63,2,0,3.17,0.0,0.0,34.0,
940,Home/Clearance Sale/,22990000,3,4,1,0,25.0,0.0,0.0,-1049.0,
941,Home/Clearance Sale/,23990000,2,8,0,0,0.0,,0.0,,
942,Home/Clearance Sale/,24990000,8,15,3,0,20.0,0.0,0.0,5.5,
943,Home/Clearance Sale/,28990000,3,26,4,0,15.38,0.0,0.0,-199.0,
944,Home/Clearance Sale/,39990000,4,10,3,0,30.0,0.0,0.0,,
945,Home/Clearance Sale/,44990000,4,7,1,0,14.29,0.0,0.0,,
946,Home/Clearance Sale/,49990000,2,2,0,0,0.0,,0.0,,
947,Home/Clearance Sale/,55990000,1,16,0,0,0.0,,0.0,,
948,Home/Clearance Sale/,59990000,7,46,20,0,43.48,0.0,0.0,457.33,
949,Home/Clearance Sale/,63990000,1,3,1,0,33.33,0.0,0.0,5.0,667.0
950,Home/Clearance Sale/,79990000,1,12,1,0,8.33,0.0,0.0,,
951,Home/Clearance Sale/,87990000,1,1,0,0,0.0,,0.0,,
952,Home/Clearance Sale/,109990000,2,6,2,0,33.33,0.0,0.0,5.0,
953,Home/Clearance Sale/,119990000,1,3,0,0,0.0,,0.0,,
954,Home/Drinkware/,1590000,15,15,12,0,80.0,0.0,0.0,5.14,1211.5
955,Home/Drinkware/,1990000,127,150,42,0,28.0,0.0,0.0,43.33,708.43
956,Home/Drinkware/,2390000,5,5,2,0,40.0,0.0,0.0,,
957,Home/Drinkware/,2400000,2,2,1,0,50.0,0.0,0.0,,
958,Home/Drinkware/,2800000,11,13,5,0,38.46,0.0,0.0,24.0,1099.0
959,Home/Drinkware/,2990000,130,186,52,0,27.96,0.0,0.0,82.21,488.5
960,Home/Drinkware/,3500000,131,151,20,0,13.25,0.0,0.0,-30.0,476.5
961,Home/Drinkware/,3990000,6,6,2,0,33.33,0.0,0.0,4.0,405.0
962,Home/Drinkware/,4990000,126,174,51,0,29.31,0.0,0.0,3.73,1675.0
963,Home/Drinkware/,6390000,2,4,1,0,25.0,0.0,0.0,,
964,Home/Drinkware/,7190000,1,1,1,0,100.0,0.0,0.0,,
965,Home/Drinkware/,7990000,93,118,36,0,30.51,0.0,0.0,70.77,1145.0
966,Home/Drinkware/,8790000,16,18,13,0,72.22,0.0,0.0,-145.67,491.5
967,Home/Drinkware/,8990000,44,56,19,0,33.93,0.0,0.0,-0.5,807.0
968,Home/Drinkware/,9990000,129,167,41,0,24.55,0.0,0.0,46.05,872.5
969,Home/Drinkware/,10390000,28,39,26,0,66.67,0.0,0.0,2.6,1085.5
970,Home/Drinkware/,10990000,146,187,53,0,28.34,0.0,0.0,-84.96,891.33
971,Home/Drinkware/,11190000,2,2,0,0,0.0,,0.0,14.0,
972,Home/Drinkware/,12990000,465,635,167,0,26.3,0.0,0.0,36.56,615.43
973,Home/Drinkware/,13990000,61,92,29,0,31.52,0.0,0.0,23.91,679.5
974,Home/Drinkware/,15190000,22,29,13,0,44.83,0.0,0.0,21.25,
975,Home/Drinkware/,15990000,4,6,1,0,16.67,0.0,0.0,,
976,Home/Drinkware/,18990000,360,500,93,0,18.6,0.0,0.0,97.67,1160.17
977,Home/Drinkware/,19990000,195,274,71,0,25.91,0.0,0.0,148.3,643.0
978,Home/Drinkware/,23990000,1,1,1,0,100.0,0.0,0.0,,
979,Home/Drinkware/,24990000,1100,1681,304,0,18.08,0.0,0.0,48.52,760.86
980,Home/Drinkware/,27190000,5,7,0,0,0.0,,0.0,,
981,Home/Drinkware/,33990000,33,38,6,0,15.79,0.0,0.0,49.0,960.33
982,Home/Drinkware/Mugs and Cups/,7190000,87,107,62,0,57.94,0.0,0.0,121.91,680.67
983,Home/Drinkware/Mugs and Cups/,8990000,567,717,237,0,33.05,0.0,0.0,49.52,1038.12
984,Home/Drinkware/Mugs and Cups/,10390000,197,256,136,0,53.13,0.0,0.0,-26.06,580.13
985,Home/Drinkware/Mugs and Cups/,12990000,1438,1974,606,0,30.7,0.0,0.0,28.88,829.0
986,Home/Drinkware/Water Bottles and Tumblers/,2390000,37,44,27,0,61.36,0.0,0.0,150.73,714.67
987,Home/Drinkware/Water Bottles and Tumblers/,2400000,54,68,58,0,85.29,0.0,0.0,-51.87,644.0
988,Home/Drinkware/Water Bottles and Tumblers/,2990000,414,557,316,0,56.73,0.0,0.0,6.74,767.96
989,Home/Drinkware/Water Bottles and Tumblers/,3990000,27,33,17,0,51.52,0.0,0.0,120.5,
990,Home/Drinkware/Water Bottles and Tumblers/,4990000,151,195,61,0,31.28,0.0,0.0,100.14,447.5
991,Home/Drinkware/Water Bottles and Tumblers/,6390000,14,18,14,0,77.78,0.0,0.0,-29.75,598.5
992,Home/Drinkware/Water Bottles and Tumblers/,7990000,117,156,43,0,27.56,0.0,0.0,34.46,779.17
993,Home/Drinkware/Water Bottles and Tumblers/,8790000,39,41,21,0,51.22,0.0,0.0,-33.0,457.0
994,Home/Drinkware/Water Bottles and Tumblers/,9990000,156,210,33,0,15.71,0.0,0.0,221.72,385.33
995,Home/Drinkware/Water Bottles and Tumblers/,10390000,20,23,4,0,17.39,0.0,0.0,17.67,132.0
996,Home/Drinkware/Water Bottles and Tumblers/,10990000,173,196,67,0,34.18,0.0,0.0,56.07,791.38
997,Home/Drinkware/Water Bottles and Tumblers/,11190000,55,92,43,0,46.74,0.0,0.0,41.15,333.5
998,Home/Drinkware/Water Bottles and Tumblers/,12990000,83,115,22,0,19.13,0.0,0.0,24.18,
999,Home/Drinkware/Water Bottles and Tumblers/,13990000,201,264,86,0,32.58,0.0,0.0,32.97,632.73
1000,Home/Drinkware/Water Bottles and Tumblers/,15190000,117,146,73,0,50.0,0.0,0.0,58.4,922.18
1001,Home/Drinkware/Water Bottles and Tumblers/,15990000,29,41,12,0,29.27,0.0,0.0,55.0,180.5
1002,Home/Drinkware/Water Bottles and Tumblers/,17590000,13,19,3,0,15.79,0.0,0.0,5.0,300.0
1003,Home/Drinkware/Water Bottles and Tumblers/,18990000,460,649,186,0,28.66,0.0,0.0,55.54,786.39
1004,Home/Drinkware/Water Bottles and Tumblers/,19190000,3,4,3,0,75.0,0.0,0.0,10.0,
1005,Home/Drinkware/Water Bottles and Tumblers/,19990000,461,650,241,0,37.08,0.0,0.0,58.86,647.44
1006,Home/Drinkware/Water Bottles and Tumblers/,21990000,47,56,11,0,19.64,0.0,0.0,58.6,442.0
1007,Home/Drinkware/Water Bottles and Tumblers/,23990000,7,8,0,0,0.0,,0.0,,
1008,Home/Drinkware/Water Bottles and Tumblers/,24990000,1204,1787,421,0,23.56,0.0,0.0,63.01,562.05
1009,Home/Drinkware/Water Bottles and Tumblers/,27190000,6,6,3,0,50.0,0.0,0.0,3.0,271.0
1010,Home/Drinkware/Water Bottles and Tumblers/,33990000,80,105,15,0,14.29,0.0,0.0,40.8,1092.0
1011,Home/Electronics/,1200000,28,32,5,0,15.63,0.0,0.0,-107.0,272.0
1012,Home/Electronics/,1500000,402,538,76,0,14.13,0.0,0.0,63.34,647.0
1013,Home/Electronics/,1590000,4,4,1,0,25.0,0.0,0.0,,
1014,Home/Electronics/,1990000,65,83,37,0,44.58,0.0,0.0,7.5,489.0
1015,Home/Electronics/,3990000,24,29,10,0,34.48,0.0,0.0,-11.5,4719.0
1016,Home/Electronics/,4990000,437,591,66,0,11.17,0.0,0.0,96.33,714.17
1017,Home/Electronics/,5590000,3,3,0,0,0.0,,0.0,488.0,
1018,Home/Electronics/,6990000,44,58,9,0,15.52,0.0,0.0,,
1019,Home/Electronics/,7190000,2,2,2,0,100.0,0.0,0.0,,
1020,Home/Electronics/,8790000,8,9,3,0,33.33,0.0,0.0,396.0,
1021,Home/Electronics/,8990000,51,68,13,0,19.12,0.0,0.0,45.25,
1022,Home/Electronics/,10390000,3,3,1,0,33.33,0.0,0.0,,
1023,Home/Electronics/,10990000,105,143,18,0,12.59,0.0,0.0,135.38,194.0
1024,Home/Electronics/,12990000,81,99,12,0,12.12,0.0,0.0,181.0,
1025,Home/Electronics/,13590000,33,37,9,0,24.32,0.0,0.0,177.5,545.0
1026,Home/Electronics/,16990000,387,502,45,0,8.96,0.0,0.0,184.18,678.0
1027,Home/Electronics/,18390000,6,9,0,0,0.0,,0.0,409.0,
1028,Home/Electronics/,22990000,112,148,13,0,8.78,0.0,0.0,37.56,1784.0
1029,Home/Electronics/,27990000,16,16,7,0,43.75,0.0,0.0,12.0,
1030,Home/Electronics/,30390000,1,1,0,0,0.0,,0.0,,
1031,Home/Electronics/,31990000,21,29,0,0,0.0,,0.0,,
1032,Home/Electronics/,34990000,320,466,72,0,15.45,0.0,0.0,96.32,792.25
1033,Home/Electronics/,37990000,21,31,1,0,3.23,0.0,0.0,13.0,
1034,Home/Electronics/,39990000,406,536,26,0,4.85,0.0,0.0,140.94,1168.0
1035,Home/Electronics/,44790000,12,14,0,0,0.0,,0.0,-104.0,
1036,Home/Electronics/,47190000,7,9,0,0,0.0,,0.0,,
1037,Home/Electronics/,47990000,10,11,0,0,0.0,,0.0,76.0,
1038,Home/Electronics/,49990000,2,2,0,0,0.0,,0.0,,
1039,Home/Electronics/,55990000,223,311,16,0,5.14,0.0,0.0,100.13,
1040,Home/Electronics/,58990000,73,97,5,0,5.15,0.0,0.0,662.5,394.0
1041,Home/Electronics/,59990000,320,452,17,0,3.76,0.0,0.0,21.11,
1042,Home/Electronics/,61590000,5,7,0,0,0.0,,0.0,-140.33,
1043,Home/Electronics/,63990000,12,17,4,0,23.53,0.0,0.0,,634.0
1044,Home/Electronics/,76990000,77,108,3,0,2.78,0.0,0.0,4.25,600.0
1045,Home/Electronics/,79990000,84,108,5,0,4.63,0.0,0.0,191.0,
1046,Home/Electronics/,83990000,1,1,0,0,0.0,,0.0,,
1047,Home/Electronics/,104990000,41,61,3,0,4.92,0.0,0.0,-385.5,
1048,Home/Electronics/,119990000,14,24,2,0,8.33,0.0,0.0,63.0,
1049,Home/Electronics/,145990000,215,274,23,0,8.39,0.0,0.0,125.13,78.0
1050,Home/Electronics/Audio/,8790000,21,30,19,0,63.33,0.0,0.0,102.8,445.0
1051,Home/Electronics/Audio/,10990000,239,321,61,0,19.0,0.0,0.0,168.81,488.33
1052,Home/Electronics/Audio/,22390000,14,14,4,0,28.57,0.0,0.0,158.33,
1053,Home/Electronics/Audio/,27990000,234,279,52,0,18.64,0.0,0.0,111.46,880.33
1054,Home/Electronics/Audio/,31990000,72,87,13,0,14.94,0.0,0.0,126.2,1474.5
1055,Home/Electronics/Audio/,34990000,465,617,137,0,22.2,0.0,0.0,94.97,1070.33
1056,Home/Electronics/Audio/,39990000,1058,1364,105,0,7.7,0.0,0.0,126.41,636.4
1057,Home/Electronics/Audio/,47990000,22,24,7,0,29.17,0.0,0.0,249.5,
1058,Home/Electronics/Audio/,49990000,428,590,68,0,11.53,0.0,0.0,81.36,404.0
1059,Home/Electronics/Audio/,59990000,249,306,39,0,12.75,0.0,0.0,151.39,866.67
1060,Home/Electronics/Audio/,61590000,15,17,0,0,0.0,,0.0,550.0,
1061,Home/Electronics/Audio/,63990000,23,24,5,0,20.83,0.0,0.0,-114.17,173.67
1062,Home/Electronics/Audio/,76990000,181,220,17,0,7.73,0.0,0.0,142.0,453.0
1063,Home/Electronics/Audio/,79990000,166,207,26,0,12.56,0.0,0.0,75.83,
1064,Home/Electronics/Audio/,83990000,4,9,1,0,11.11,0.0,0.0,,
1065,Home/Electronics/Audio/,104990000,81,134,2,0,1.49,0.0,0.0,27.8,
1066,Home/Electronics/Audio/,119990000,59,89,3,0,3.37,0.0,0.0,4.43,
1067,Home/Electronics/Audio/,145990000,593,793,51,0,6.43,0.0,0.0,53.84,603.0
1068,Home/Electronics/Electronics Accessories/,1200000,21,21,15,0,71.43,0.0,0.0,6.0,
1069,Home/Electronics/Electronics Accessories/,1500000,193,229,88,0,38.43,0.0,0.0,9.94,800.5
1070,Home/Electronics/Electronics Accessories/,1590000,3,3,1,0,33.33,0.0,0.0,,
1071,Home/Electronics/Electronics Accessories/,1990000,68,79,32,0,40.51,0.0,0.0,2.25,347.0
1072,Home/Electronics/Electronics Accessories/,3990000,47,72,25,0,34.72,0.0,0.0,34.5,2615.0
1073,Home/Electronics/Electronics Accessories/,4990000,412,582,118,0,20.27,0.0,0.0,123.06,1007.43
1074,Home/Electronics/Electronics Accessories/,5590000,48,70,28,0,40.0,0.0,0.0,-373.25,789.0
1075,Home/Electronics/Electronics Accessories/,6990000,393,517,56,0,10.83,0.0,0.0,117.65,475.0
1076,Home/Electronics/Electronics Accessories/,7190000,15,16,10,0,62.5,0.0,0.0,3.5,360.5
1077,Home/Electronics/Electronics Accessories/,8990000,132,157,32,0,20.38,0.0,0.0,44.05,1442.0
1078,Home/Electronics/Electronics Accessories/,78390000,13,14,1,0,7.14,0.0,0.0,8.0,
1079,Home/Electronics/Electronics Accessories/,97990000,173,206,3,0,1.46,0.0,0.0,76.5,
1080,Home/Electronics/Flashlights/,3990000,25,29,8,0,27.59,0.0,0.0,490.5,
1081,Home/Electronics/Flashlights/,4990000,192,286,52,0,18.18,0.0,0.0,39.28,609.0
1082,Home/Electronics/Flashlights/,10390000,18,22,3,0,13.64,0.0,0.0,,
1083,Home/Electronics/Flashlights/,12990000,184,215,16,0,7.44,0.0,0.0,17.33,
1084,Home/Electronics/Flashlights/,13590000,23,28,3,0,10.71,0.0,0.0,41.5,170.0
1085,Home/Electronics/Flashlights/,16990000,192,303,39,0,12.87,0.0,0.0,188.07,2085.0
1086,Home/Electronics/Flashlights/,18390000,27,37,3,0,8.11,0.0,0.0,35.5,101.0
1087,Home/Electronics/Flashlights/,22990000,254,353,23,0,6.52,0.0,0.0,112.85,1653.0
1088,Home/Electronics/Flashlights/,47990000,25,28,1,0,3.57,0.0,0.0,42.33,215.0
1089,Home/Electronics/Flashlights/,59990000,281,372,11,0,2.96,0.0,0.0,28.29,
1090,Home/Electronics/Power/,13590000,39,52,8,0,15.38,0.0,0.0,110.83,1113.0
1091,Home/Electronics/Power/,16990000,361,469,55,0,11.73,0.0,0.0,224.3,136.0
1092,Home/Electronics/Power/,18390000,25,29,5,0,17.24,0.0,0.0,36.5,
1093,Home/Electronics/Power/,22990000,187,247,25,0,10.12,0.0,0.0,44.6,1456.5
1094,Home/Electronics/Power/,30390000,21,31,6,0,19.35,0.0,0.0,-96.0,
1095,Home/Electronics/Power/,37990000,147,169,19,0,11.24,0.0,0.0,-4.0,618.0
1096,Home/Electronics/Power/,44790000,37,44,1,0,2.27,0.0,0.0,,
1097,Home/Electronics/Power/,47190000,48,55,3,0,5.45,0.0,0.0,-585.5,
1098,Home/Electronics/Power/,47990000,23,31,2,0,6.45,0.0,0.0,2.0,
1099,Home/Electronics/Power/,55990000,415,522,26,0,4.98,0.0,0.0,238.75,769.0
1100,Home/Electronics/Power/,58990000,452,553,43,0,7.78,0.0,0.0,155.57,855.0
1101,Home/Electronics/Power/,59990000,240,309,11,0,3.56,0.0,0.0,215.0,
1102,Home/Electronics/Power/,61590000,8,8,2,0,25.0,0.0,0.0,,
1103,Home/Electronics/Power/,76990000,140,206,10,0,4.85,0.0,0.0,335.6,
1104,Home/Gift Cards/,25000000,139,226,99,0,43.81,0.0,0.0,64.07,321.71
1105,Home/Gift Cards/,50000000,84,138,23,0,16.67,0.0,0.0,70.55,303.0
1106,Home/Gift Cards/,100000000,158,265,38,0,14.34,0.0,0.0,33.35,371.67
1107,Home/Gift Cards/,250000000,82,188,31,0,16.49,0.0,0.0,46.06,285.0
1108,Home/Office/,790000,5,5,5,0,100.0,0.0,0.0,15.0,519.0
1109,Home/Office/,990000,149,184,95,0,51.63,0.0,0.0,59.88,1280.0
1110,Home/Office/,1000000,2,2,2,0,100.0,0.0,0.0,-30.0,
1111,Home/Office/,1200000,8,8,3,0,37.5,0.0,0.0,259.0,
1112,Home/Office/,1250000,54,56,31,0,55.36,0.0,0.0,241.6,1380.0
1113,Home/Office/,1500000,149,197,32,0,16.24,0.0,0.0,-15.56,728.0
1114,Home/Office/,1590000,16,18,14,0,77.78,0.0,0.0,70.0,1762.0
1115,Home/Office/,1990000,216,270,83,0,30.74,0.0,0.0,74.15,680.5
1116,Home/Office/,2000000,3,3,2,0,66.67,0.0,0.0,13.0,858.0
1117,Home/Office/,2390000,20,22,14,0,63.64,0.0,0.0,-42.5,1286.0
1118,Home/Office/,2500000,58,64,25,0,39.06,0.0,0.0,65.92,181.0
1119,Home/Office/,2990000,359,470,232,0,49.36,0.0,0.0,13.34,795.75
1120,Home/Office/,3190000,11,12,5,0,41.67,0.0,0.0,-115.67,1182.0
1121,Home/Office/,3990000,191,223,75,0,33.63,0.0,0.0,-32.39,801.0
1122,Home/Office/,4400000,5,5,1,0,20.0,0.0,0.0,,
1123,Home/Office/,4990000,112,136,46,0,33.82,0.0,0.0,73.67,536.5
1124,Home/Office/,5500000,149,175,44,0,25.14,0.0,0.0,47.73,1327.2
1125,Home/Office/,5990000,10,15,5,0,33.33,0.0,0.0,57.0,
1126,Home/Office/,6990000,1,2,0,0,0.0,,0.0,,
1127,Home/Office/,7990000,8,8,2,0,25.0,0.0,0.0,-91.5,
1128,Home/Office/,9590000,5,5,2,0,40.0,0.0,0.0,,
1129,Home/Office/,9990000,116,166,31,0,18.67,0.0,0.0,102.16,1095.0
1130,Home/Office/,10990000,1,1,0,0,0.0,,0.0,,
1131,Home/Office/,11990000,94,113,4,0,3.54,0.0,0.0,26.86,
1132,Home/Office/,14390000,2,2,0,0,0.0,,0.0,,
1133,Home/Office/,14990000,10,10,1,0,10.0,0.0,0.0,3.0,
1134,Home/Office/,15990000,1,2,0,0,0.0,,0.0,,
1135,Home/Office/,17590000,2,2,0,0,0.0,,0.0,,
1136,Home/Office/,17990000,36,45,12,0,26.67,0.0,0.0,-4.33,
1137,Home/Office/,19990000,32,35,0,0,0.0,,0.0,,
1138,Home/Office/,21990000,67,85,4,0,4.71,0.0,0.0,341.14,
1139,Home/Office/,23190000,1,1,1,0,100.0,0.0,0.0,8.0,833.0
1140,Home/Office/,23990000,1,1,0,0,0.0,,0.0,,
1141,Home/Office/,28990000,59,76,9,0,11.84,0.0,0.0,10.5,3332.0
1142,Home/Office/,39990000,12,18,0,0,0.0,,0.0,53.67,
1143,Home/Office/,44990000,1,1,0,0,0.0,,0.0,,
1144,Home/Office/,79990000,4,4,0,0,0.0,,0.0,88.0,
1145,Home/Office/Notebooks & Journals/,3190000,4,4,4,0,100.0,0.0,0.0,3.0,
1146,Home/Office/Notebooks & Journals/,3990000,36,42,7,0,16.67,0.0,0.0,-30.75,
1147,Home/Office/Notebooks & Journals/,4790000,142,221,91,0,41.18,0.0,0.0,105.04,508.5
1148,Home/Office/Notebooks & Journals/,5590000,39,51,22,0,43.14,0.0,0.0,37.3,852.67
1149,Home/Office/Notebooks & Journals/,5990000,777,1155,284,0,24.59,0.0,0.0,167.9,855.03
1150,Home/Office/Notebooks & Journals/,6390000,1,1,2,0,200.0,0.0,0.0,,
1151,Home/Office/Notebooks & Journals/,6990000,301,411,112,0,27.25,0.0,0.0,101.9,631.5
1152,Home/Office/Notebooks & Journals/,7190000,13,15,5,0,33.33,0.0,0.0,117.67,465.0
1153,Home/Office/Notebooks & Journals/,7990000,53,60,30,0,50.0,0.0,0.0,43.63,531.0
1154,Home/Office/Notebooks & Journals/,8790000,101,126,66,0,52.38,0.0,0.0,41.94,442.07
1155,Home/Office/Notebooks & Journals/,8990000,220,276,50,0,18.12,0.0,0.0,67.96,784.33
1156,Home/Office/Notebooks & Journals/,9990000,365,435,113,0,25.98,0.0,0.0,63.04,879.22
1157,Home/Office/Notebooks & Journals/,10990000,559,694,164,0,23.63,0.0,0.0,62.15,808.26
1158,Home/Office/Notebooks & Journals/,11990000,73,97,34,0,35.05,0.0,0.0,14.13,430.33
1159,Home/Office/Notebooks & Journals/,14990000,566,740,133,0,17.97,0.0,0.0,55.43,520.1
1160,Home/Office/Notebooks & Journals/,15990000,41,50,3,0,6.0,0.0,0.0,19.0,558.0
1161,Home/Office/Notebooks & Journals/,19190000,4,5,1,0,20.0,0.0,0.0,,
1162,Home/Office/Notebooks & Journals/,19990000,596,811,46,0,5.67,0.0,0.0,251.84,1167.5
1163,Home/Office/Notebooks & Journals/,23990000,11,12,1,0,8.33,0.0,0.0,193.0,
1164,Home/Office/Notebooks & Journals/,35990000,13,22,3,0,13.64,0.0,0.0,51.33,504.0
1165,Home/Office/Notebooks & Journals/,44990000,40,49,4,0,8.16,0.0,0.0,201.0,248.0
1166,Home/Office/Office Other/,1200000,31,34,24,0,70.59,0.0,0.0,5.25,717.0
1167,Home/Office/Office Other/,1500000,306,356,179,0,50.28,0.0,0.0,81.48,960.4
1168,Home/Office/Office Other/,1590000,38,40,28,0,70.0,0.0,0.0,338.8,425.0
1169,Home/Office/Office Other/,1990000,465,590,222,0,37.63,0.0,0.0,27.85,868.0
1170,Home/Office/Writing Instruments/,790000,57,66,46,0,69.7,0.0,0.0,42.92,824.38
1171,Home/Office/Writing Instruments/,990000,444,534,240,0,44.94,0.0,0.0,68.36,849.5
1172,Home/Office/Writing Instruments/,1000000,13,17,11,0,64.71,0.0,0.0,10.75,535.5
1173,Home/Office/Writing Instruments/,1200000,2,2,2,0,100.0,0.0,0.0,8.0,355.0
1174,Home/Office/Writing Instruments/,1250000,82,98,48,0,48.98,0.0,0.0,24.75,706.33
1175,Home/Office/Writing Instruments/,1500000,46,61,26,0,42.62,0.0,0.0,33.13,386.0
1176,Home/Office/Writing Instruments/,1590000,30,31,23,0,74.19,0.0,0.0,-3.25,
1177,Home/Office/Writing Instruments/,1990000,218,255,118,0,46.27,0.0,0.0,41.35,655.14
1178,Home/Office/Writing Instruments/,2000000,42,50,30,0,60.0,0.0,0.0,-97.13,924.75
1179,Home/Office/Writing Instruments/,2390000,42,57,38,0,66.67,0.0,0.0,-4.13,1053.0
1180,Home/Office/Writing Instruments/,2500000,194,239,101,0,42.26,0.0,0.0,30.63,665.83
1181,Home/Office/Writing Instruments/,2990000,324,416,203,0,48.8,0.0,0.0,9.02,619.92
1182,Home/Office/Writing Instruments/,3190000,38,45,32,0,71.11,0.0,0.0,-39.13,756.0
1183,Home/Office/Writing Instruments/,3500000,1,1,0,0,0.0,,0.0,,
1184,Home/Office/Writing Instruments/,3990000,382,474,157,0,33.12,0.0,0.0,59.23,650.17
1185,Home/Office/Writing Instruments/,4400000,30,39,18,0,46.15,0.0,0.0,105.0,
1186,Home/Office/Writing Instruments/,4990000,156,184,115,0,62.5,0.0,0.0,103.81,670.87
1187,Home/Office/Writing Instruments/,5500000,253,342,93,0,27.19,0.0,0.0,65.78,675.86
1188,Home/Office/Writing Instruments/,5990000,21,26,6,0,23.08,0.0,0.0,297.5,
1189,Home/Office/Writing Instruments/,8990000,20,24,12,0,50.0,0.0,0.0,19.33,1729.33
1190,Home/Office/Writing Instruments/,14390000,16,16,9,0,56.25,0.0,0.0,-10.67,
1191,Home/Office/Writing Instruments/,15990000,13,15,13,0,86.67,0.0,0.0,181.0,2011.0
1192,Home/Office/Writing Instruments/,17990000,94,127,21,0,16.54,0.0,0.0,44.87,774.0
1193,Home/Office/Writing Instruments/,19990000,37,51,8,0,15.69,0.0,0.0,11.0,
1194,Home/Office/Writing Instruments/,23190000,13,15,1,0,6.67,0.0,0.0,9.0,
1195,Home/Office/Writing Instruments/,28990000,125,139,25,0,17.99,0.0,0.0,109.0,2154.0
1196,Home/Office/Writing Instruments/,31990000,12,15,5,0,33.33,0.0,0.0,37.0,
1197,Home/Office/Writing Instruments/,39990000,73,96,15,0,15.63,0.0,0.0,27.33,
1198,Home/Shop by Brand/,1990000,18,21,10,0,47.62,0.0,0.0,4.0,
1199,Home/Shop by Brand/,2990000,39,46,15,0,32.61,0.0,0.0,-128.8,308.0
1200,Home/Shop by Brand/,3990000,33,40,7,0,17.5,0.0,0.0,9.33,
1201,Home/Shop by Brand/,4990000,2,2,1,0,50.0,0.0,0.0,,
1202,Home/Shop by Brand/,5500000,25,27,5,0,18.52,0.0,0.0,49.5,
1203,Home/Shop by Brand/,6990000,3,3,2,0,66.67,0.0,0.0,9.0,
1204,Home/Shop by Brand/,7990000,4,4,1,0,25.0,0.0,0.0,1.0,552.0
1205,Home/Shop by Brand/,8990000,16,19,0,0,0.0,,0.0,84.0,
1206,Home/Shop by Brand/,9990000,16,21,2,0,9.52,0.0,0.0,177.5,
1207,Home/Shop by Brand/,10390000,1,1,0,0,0.0,,0.0,,
1208,Home/Shop by Brand/,10990000,12,21,5,0,23.81,0.0,0.0,7.0,
1209,Home/Shop by Brand/,12990000,7,9,0,0,0.0,,0.0,,
1210,Home/Shop by Brand/,13590000,3,4,0,0,0.0,,0.0,42.0,
1211,Home/Shop by Brand/,14990000,5,5,2,0,40.0,0.0,0.0,,
1212,Home/Shop by Brand/,16990000,90,117,13,0,11.11,0.0,0.0,90.5,
1213,Home/Shop by Brand/,17990000,12,13,0,0,0.0,,0.0,,
1214,Home/Shop by Brand/,18990000,11,12,5,0,41.67,0.0,0.0,128.0,
1215,Home/Shop by Brand/,19990000,4,4,0,0,0.0,,0.0,,
1216,Home/Shop by Brand/,20990000,1,1,0,0,0.0,,0.0,,
1217,Home/Shop by Brand/,21990000,30,39,5,0,12.82,0.0,0.0,210.2,875.0
1218,Home/Shop by Brand/,22990000,6,6,0,0,0.0,,0.0,130.0,
1219,Home/Shop by Brand/,24990000,23,25,2,0,8.0,0.0,0.0,-49.8,
1220,Home/Shop by Brand/,29990000,1,1,1,0,100.0,0.0,0.0,-196.0,
1221,Home/Shop by Brand/,44990000,1,1,0,0,0.0,,0.0,,
1222,Home/Shop by Brand/,55990000,1,1,0,0,0.0,,0.0,,
1223,Home/Shop by Brand/,59990000,1,1,0,0,0.0,,0.0,,
1224,Home/Shop by Brand/,69990000,11,16,0,0,0.0,,0.0,,
1225,Home/Shop by Brand/,76990000,3,4,0,0,0.0,,0.0,,
1226,Home/Shop by Brand/,79990000,1,1,0,0,0.0,,0.0,,
1227,Home/Shop by Brand/,99990000,19,23,4,0,17.39,0.0,0.0,97.0,
1228,Home/Shop by Brand/,104990000,3,5,0,0,0.0,,0.0,,
1229,Home/Shop by Brand/,145990000,4,4,0,0,0.0,,0.0,,
1230,Home/Shop by Brand/Android/,2390000,6,7,6,0,85.71,0.0,0.0,10.33,234.0
1231,Home/Shop by Brand/Android/,2990000,216,332,87,0,26.2,0.0,0.0,123.75,496.0
1232,Home/Shop by Brand/Android/,3190000,7,8,5,0,62.5,0.0,0.0,-128.0,826.0
1233,Home/Shop by Brand/Android/,3990000,292,464,91,0,19.61,0.0,0.0,37.74,708.8
1234,Home/Shop by Brand/Android/,7190000,5,7,2,0,28.57,0.0,0.0,-49.0,712.0
1235,Home/Shop by Brand/Android/,8990000,120,179,21,0,11.73,0.0,0.0,53.36,
1236,Home/Shop by Brand/Android/,9990000,42,55,12,0,21.82,0.0,0.0,38.86,1288.0
1237,Home/Shop by Brand/Android/,10390000,3,4,3,0,75.0,0.0,0.0,,
1238,Home/Shop by Brand/Android/,11990000,1,1,0,0,0.0,,0.0,,
1239,Home/Shop by Brand/Android/,12990000,155,179,47,0,26.26,0.0,0.0,-13.35,663.83
1240,Home/Shop by Brand/Android/,13990000,10,13,0,0,0.0,,0.0,162.0,
1241,Home/Shop by Brand/Android/,14390000,2,3,0,0,0.0,,0.0,,
1242,Home/Shop by Brand/Android/,14990000,29,32,2,0,6.25,0.0,0.0,-1614.0,
1243,Home/Shop by Brand/Android/,15190000,1,1,1,0,100.0,0.0,0.0,,
1244,Home/Shop by Brand/Android/,15990000,3,3,0,0,0.0,,0.0,-1457.0,
1245,Home/Shop by Brand/Android/,16990000,2,2,0,0,0.0,,0.0,,
1246,Home/Shop by Brand/Android/,17990000,122,158,7,0,4.43,0.0,0.0,225.57,
1247,Home/Shop by Brand/Android/,18990000,117,181,21,0,11.6,0.0,0.0,68.28,295.0
1248,Home/Shop by Brand/Android/,19990000,142,214,2,0,0.93,0.0,0.0,314.0,
1249,Home/Shop by Brand/Android/,20990000,1,1,0,0,0.0,,0.0,,
1250,Home/Shop by Brand/Android/,23990000,1,1,0,0,0.0,,0.0,,
1251,Home/Shop by Brand/Android/,24990000,87,135,18,0,13.33,0.0,0.0,153.65,800.67
1252,Home/Shop by Brand/Android/,29990000,7,11,2,0,18.18,0.0,0.0,147.0,
1253,Home/Shop by Brand/Android/,39990000,1,1,0,0,0.0,,0.0,,
1254,Home/Shop by Brand/Android/,55990000,2,2,0,0,0.0,,0.0,,
1255,Home/Shop by Brand/Google/,1590000,4,4,2,0,50.0,0.0,0.0,,
1256,Home/Shop by Brand/Google/,1990000,47,92,19,0,20.65,0.0,0.0,83.3,
1257,Home/Shop by Brand/Google/,2390000,13,17,11,0,64.71,0.0,0.0,37.6,1498.0
1258,Home/Shop by Brand/Google/,2990000,206,286,85,0,29.72,0.0,0.0,-2.31,656.67
1259,Home/Shop by Brand/Google/,3500000,1,2,0,0,0.0,,0.0,,
1260,Home/Shop by Brand/Google/,3990000,2,2,1,0,50.0,0.0,0.0,78.5,
1261,Home/Shop by Brand/Google/,4400000,9,10,4,0,40.0,0.0,0.0,100.5,785.0
1262,Home/Shop by Brand/Google/,4990000,28,42,8,0,19.05,0.0,0.0,11.0,563.0
1263,Home/Shop by Brand/Google/,5500000,172,231,39,0,16.88,0.0,0.0,69.38,1169.67
1264,Home/Shop by Brand/Google/,5590000,2,2,0,0,0.0,,0.0,,
1265,Home/Shop by Brand/Google/,6990000,31,35,1,0,2.86,0.0,0.0,38.75,
1266,Home/Shop by Brand/Google/,7990000,5,6,2,0,33.33,0.0,0.0,33.0,
1267,Home/Shop by Brand/Google/,8790000,8,8,4,0,50.0,0.0,0.0,2.67,451.5
1268,Home/Shop by Brand/Google/,8990000,3,4,1,0,25.0,0.0,0.0,,
1269,Home/Shop by Brand/Google/,9990000,94,115,18,0,15.65,0.0,0.0,63.47,677.0
1270,Home/Shop by Brand/Google/,10990000,167,220,56,0,25.45,0.0,0.0,77.28,526.0
1271,Home/Shop by Brand/Google/,11190000,1,1,0,0,0.0,,0.0,,
1272,Home/Shop by Brand/Google/,11990000,1,1,0,0,0.0,,0.0,,
1273,Home/Shop by Brand/Google/,13590000,16,18,11,0,61.11,0.0,0.0,210.0,
1274,Home/Shop by Brand/Google/,13990000,2,2,1,0,50.0,0.0,0.0,,
1275,Home/Shop by Brand/Google/,15190000,2,2,1,0,50.0,0.0,0.0,22.0,307.0
1276,Home/Shop by Brand/Google/,15990000,1,1,1,0,100.0,0.0,0.0,7.0,
1277,Home/Shop by Brand/Google/,16990000,457,735,172,0,23.4,0.0,0.0,55.61,725.11
1278,Home/Shop by Brand/Google/,17590000,2,2,0,0,0.0,,0.0,,
1279,Home/Shop by Brand/Google/,18390000,2,3,0,0,0.0,,0.0,,
1280,Home/Shop by Brand/Google/,18990000,93,122,24,0,19.67,0.0,0.0,115.33,779.0
1281,Home/Shop by Brand/Google/,19990000,74,107,14,0,13.08,0.0,0.0,111.25,937.0
1282,Home/Shop by Brand/Google/,21990000,62,91,15,0,16.48,0.0,0.0,79.42,440.0
1283,Home/Shop by Brand/Google/,22390000,1,1,2,0,200.0,0.0,0.0,,
1284,Home/Shop by Brand/Google/,22990000,66,92,15,0,16.3,0.0,0.0,79.33,597.0
1285,Home/Shop by Brand/Google/,24990000,73,99,27,0,27.27,0.0,0.0,61.55,418.0
1286,Home/Shop by Brand/Google/,27990000,7,7,3,0,42.86,0.0,0.0,89.67,
1287,Home/Shop by Brand/Google/,34990000,3,5,0,0,0.0,,0.0,,
1288,Home/Shop by Brand/Google/,37990000,1,1,0,0,0.0,,0.0,,
1289,Home/Shop by Brand/Google/,44990000,1,3,0,0,0.0,,0.0,,
1290,Home/Shop by Brand/Google/,47190000,5,5,0,0,0.0,,0.0,,
1291,Home/Shop by Brand/Google/,47990000,2,2,0,0,0.0,,0.0,,
1292,Home/Shop by Brand/Google/,55990000,10,10,0,0,0.0,,0.0,-39.0,
1293,Home/Shop by Brand/Google/,58990000,72,98,5,0,5.1,0.0,0.0,163.4,
1294,Home/Shop by Brand/Google/,59990000,5,6,0,0,0.0,,0.0,,
1295,Home/Shop by Brand/Google/,61590000,2,2,0,0,0.0,,0.0,53.0,
1296,Home/Shop by Brand/Google/,69990000,85,115,15,0,13.04,0.0,0.0,123.33,
1297,Home/Shop by Brand/Google/,76990000,51,64,4,0,6.25,0.0,0.0,161.14,1179.0
1298,Home/Shop by Brand/Google/,79990000,14,15,2,0,13.33,0.0,0.0,95.0,925.0
1299,Home/Shop by Brand/Google/,99990000,117,161,10,0,6.21,0.0,0.0,190.19,
1300,Home/Shop by Brand/Google/,104990000,8,10,0,0,0.0,,0.0,,
1301,Home/Shop by Brand/Google/,109990000,1,1,0,0,0.0,,0.0,,
1302,Home/Shop by Brand/Google/,119990000,5,6,1,0,16.67,0.0,0.0,2.0,
1303,Home/Shop by Brand/Google/,145990000,115,161,6,0,3.73,0.0,0.0,287.5,
1304,Home/Shop by Brand/Waze/,1590000,1,1,0,0,0.0,,0.0,,
1305,Home/Shop by Brand/Waze/,1990000,8,8,4,0,50.0,0.0,0.0,19.0,
1306,Home/Shop by Brand/Waze/,2990000,4,8,2,0,25.0,0.0,0.0,3.0,
1307,Home/Shop by Brand/Waze/,6990000,10,16,2,0,12.5,0.0,0.0,24.0,
1308,Home/Shop by Brand/Waze/,16990000,1,1,0,0,0.0,,0.0,,
1309,Home/Shop by Brand/Waze/,18990000,2,2,0,0,0.0,,0.0,,
1310,Home/Shop by Brand/YouTube/,1590000,39,47,29,0,61.7,0.0,0.0,53.46,584.67
1311,Home/Shop by Brand/YouTube/,1990000,2439,3574,1092,0,30.55,0.0,0.0,40.94,859.44
1312,Home/Shop by Brand/YouTube/,3990000,16,16,15,0,93.75,0.0,0.0,18.0,313.5
1313,Home/Shop by Brand/YouTube/,4990000,1000,1485,329,0,22.15,0.0,0.0,48.69,542.2
1314,Home/Shop by Brand/YouTube/,5590000,38,45,31,0,68.89,0.0,0.0,-1.44,345.14
1315,Home/Shop by Brand/YouTube/,6390000,24,32,13,0,40.63,0.0,0.0,14.0,595.0
1316,Home/Shop by Brand/YouTube/,6990000,1435,2113,457,0,21.63,0.0,0.0,90.68,629.53
1317,Home/Shop by Brand/YouTube/,7190000,5,7,1,0,14.29,0.0,0.0,31.0,431.0
1318,Home/Shop by Brand/YouTube/,7990000,1154,1699,360,0,21.19,0.0,0.0,79.22,838.04
1319,Home/Shop by Brand/YouTube/,8790000,30,33,22,0,66.67,0.0,0.0,-16.22,231.5
1320,Home/Shop by Brand/YouTube/,8990000,218,295,52,0,17.63,0.0,0.0,101.52,294.5
1321,Home/Shop by Brand/YouTube/,9990000,325,439,82,0,18.68,0.0,0.0,69.79,796.0
1322,Home/Shop by Brand/YouTube/,10990000,1493,2105,565,0,26.84,0.0,0.0,45.48,795.9
1323,Home/Shop by Brand/YouTube/,11990000,12,16,9,0,56.25,0.0,0.0,14.33,449.0
1324,Home/Shop by Brand/YouTube/,13590000,15,19,11,0,57.89,0.0,0.0,43.75,590.5
1325,Home/Shop by Brand/YouTube/,14990000,465,759,71,0,9.35,0.0,0.0,117.2,734.0
1326,Home/Shop by Brand/YouTube/,15190000,4,7,4,0,57.14,0.0,0.0,31.5,635.5
1327,Home/Shop by Brand/YouTube/,15990000,11,14,4,0,28.57,0.0,0.0,11.0,
1328,Home/Shop by Brand/YouTube/,16990000,890,1587,252,0,15.88,0.0,0.0,92.42,496.37
1329,Home/Shop by Brand/YouTube/,17590000,5,6,4,0,66.67,0.0,0.0,3.0,
1330,Home/Shop by Brand/YouTube/,18990000,263,425,78,0,18.35,0.0,0.0,88.7,556.0
1331,Home/Shop by Brand/YouTube/,19990000,806,1135,57,0,5.02,0.0,0.0,182.7,699.4
1332,Home/Shop by Brand/YouTube/,20990000,164,281,53,0,18.86,0.0,0.0,81.13,505.67
1333,Home/Shop by Brand/YouTube/,21990000,683,1020,164,0,16.08,0.0,0.0,44.99,383.6
1334,Home/Shop by Brand/YouTube/,23990000,3,3,1,0,33.33,0.0,0.0,,
1335,Home/Shop by Brand/YouTube/,24990000,519,809,128,0,15.82,0.0,0.0,48.02,1017.33
1336,Home/Shop by Brand/YouTube/,29990000,265,438,79,0,18.04,0.0,0.0,51.41,2318.0
1337,Home/Shop by Brand/YouTube/,34990000,2,1,2,0,200.0,0.0,0.0,,
1338,Home/Shop by Brand/YouTube/,55990000,8,15,0,0,0.0,,0.0,,
1339,Home/Spring Sale!/,3990000,3,3,3,0,100.0,0.0,0.0,,
1340,Home/Spring Sale!/,4790000,1,1,0,0,0.0,,0.0,,
1341,Home/Spring Sale!/,4990000,13,43,7,0,16.28,0.0,0.0,37.8,843.0
1342,Home/Spring Sale!/,5990000,11,27,3,0,11.11,0.0,0.0,11.0,
1343,Home/Spring Sale!/,6390000,1,1,0,0,0.0,,0.0,,
1344,Home/Spring Sale!/,7990000,8,22,0,0,0.0,,0.0,,
1345,Home/Spring Sale!/,9990000,6,16,2,0,12.5,0.0,0.0,11.0,
1346,Home/Spring Sale!/,10390000,1,1,0,0,0.0,,0.0,-152.0,
1347,Home/Spring Sale!/,12990000,6,15,2,0,13.33,0.0,0.0,885.0,
1348,Home/Spring Sale!/,13990000,4,7,1,0,14.29,0.0,0.0,37.67,
1349,Home/Spring Sale!/,15990000,1,1,0,0,0.0,,0.0,117.0,
1350,Home/Spring Sale!/,16990000,1,2,0,0,0.0,,0.0,18.0,
1351,Home/Spring Sale!/,17990000,2,4,0,0,0.0,,0.0,,
1352,Home/Spring Sale!/,18990000,2,4,2,0,50.0,0.0,0.0,-95.0,
1353,Home/Spring Sale!/,19990000,16,36,1,0,2.78,0.0,0.0,211.0,
1354,Home/Spring Sale!/,21990000,2,3,1,0,33.33,0.0,0.0,,
1355,Home/Spring Sale!/,23990000,2,2,0,0,0.0,,0.0,33.0,
1356,Home/Spring Sale!/,24990000,8,10,0,0,0.0,,0.0,10.0,
1357,Home/Spring Sale!/,28990000,1,2,0,0,0.0,,0.0,,
1358,Home/Spring Sale!/,44990000,2,3,0,0,0.0,,0.0,73.0,
1359,Home/Spring Sale!/,55990000,1,2,0,0,0.0,,0.0,67.0,
1360,Home/Spring Sale!/,59990000,2,3,0,0,0.0,,0.0,,
1361,Home/Spring Sale!/,64990000,3,6,0,0,0.0,,0.0,,
1362,Home/Spring Sale!/,69990000,1,2,0,0,0.0,,0.0,89.0,
1363,Home/Spring Sale!/,74390000,1,3,0,0,0.0,,0.0,,
1364,Home/Spring Sale!/,74990000,3,5,0,0,0.0,,0.0,,
1365,Home/Spring Sale!/,79190000,1,1,0,0,0.0,,0.0,,
1366,Home/Spring Sale!/,79990000,3,11,0,0,0.0,,0.0,,
1367,Home/Spring Sale!/,87990000,1,1,0,0,0.0,,0.0,,
1368,Home/Spring Sale!/,92990000,3,5,1,0,20.0,0.0,0.0,9.0,
1369,Home/Spring Sale!/,94990000,1,1,0,0,0.0,,0.0,,
1370,Home/Spring Sale!/,95990000,1,1,0,0,0.0,,0.0,,
1371,Home/Spring Sale!/,98990000,1,1,0,0,0.0,,0.0,,
1372,Home/Spring Sale!/,109990000,9,14,0,0,0.0,,0.0,101.5,
1373,Home/Spring Sale!/,119990000,3,5,0,0,0.0,,0.0,,
1374,Housewares,1400000,6,0,0,18,,,,,
1375,Housewares,1750000,6,0,0,12,,,,,
1376,Housewares,2000000,30,0,0,60,,,,,
1377,Housewares,2500000,28,0,0,58,,,,,
1378,Housewares,18990000,1,0,0,2,,,,,
1379,Lifestyle,1200000,20,0,0,60,,,,,
1380,Lifestyle,1500000,27,0,0,74,,,,,
1381,Lifestyle,1590000,81,0,0,178,,,,,
1382,Lifestyle,1680000,3,0,0,6,,,,,
1383,Lifestyle,1990000,122,0,0,272,,,,,
1384,Lifestyle,2100000,2,0,0,6,,,,,
1385,Lifestyle,2790000,21,0,0,46,,,,,
1386,Lifestyle,2800000,179,0,0,946,,,,,
1387,Lifestyle,3190000,88,0,0,180,,,,,
1388,Lifestyle,3490000,11,0,0,24,,,,,
1389,Lifestyle,3500000,165,0,0,638,,,,,
1390,Lifestyle,3910000,6,0,0,12,,,,,
1391,Lifestyle,3990000,111,0,0,236,,,,,
1392,Lifestyle,4890000,8,0,0,22,,,,,
1393,Lifestyle,4990000,19,0,0,42,,,,,
1394,Lifestyle,5030000,5,0,0,10,,,,,
1395,Lifestyle,5590000,6,0,0,12,,,,,
1396,Lifestyle,6290000,3,0,0,6,,,,,
1397,Lifestyle,6710000,4,0,0,8,,,,,
1398,Lifestyle,6990000,6,0,0,14,,,,,
1399,Lifestyle,7190000,18,0,0,36,,,,,
1400,Lifestyle,7200000,2,0,0,4,,,,,
1401,Lifestyle,7270000,5,0,0,10,,,,,
1402,Lifestyle,7990000,8,0,0,16,,,,,
1403,Lifestyle,8390000,3,0,0,6,,,,,
1404,Lifestyle,8990000,17,0,0,34,,,,,
1405,Lifestyle,9090000,4,0,0,8,,,,,
1406,Lifestyle,9200000,4,0,0,8,,,,,
1407,Lifestyle,9590000,5,0,0,10,,,,,
1408,Lifestyle,10390000,1,0,0,2,,,,,
1409,Lifestyle,11500000,3,0,0,6,,,,,
1410,Lifestyle,11990000,7,0,0,18,,,,,
1411,Lifestyle,12870000,5,0,0,10,,,,,
1412,Lifestyle,12990000,5,0,0,10,,,,,
1413,Lifestyle,14390000,4,0,0,8,,,,,
1414,Lifestyle,16090000,2,0,0,4,,,,,
1415,Lifestyle,17990000,3,0,0,6,,,,,
1416,Lifestyle,18390000,7,0,0,16,,,,,
1417,Lifestyle,18990000,1,0,0,2,,,,,
1418,Lifestyle,19590000,12,0,0,30,,,,,
1419,Lifestyle,21590000,1,0,0,2,,,,,
1420,Lifestyle,22990000,7,0,0,14,,,,,
1421,Lifestyle,24490000,4,0,0,8,,,,,
1422,Lifestyle,26990000,1,0,0,2,,,,,
1423,Lifestyle,27990000,6,0,0,12,,,,,
1424,Lifestyle,34990000,9,0,0,18,,,,,
1425,Lifestyle/,1990000,1,3,1,0,33.33,0.0,0.0,16.0,
1426,Lifestyle/,4500000,1,3,0,0,0.0,,0.0,,
1427,Lifestyle/,4990000,1,6,0,0,0.0,,0.0,,
1428,Lifestyle/,11990000,1,1,0,0,0.0,,0.0,,
1429,More Bags,17590000,22,0,0,48,,,,,
1430,More Bags,21990000,13,0,0,36,,,,,
1431,Mugs/,12990000,5,6,1,0,16.67,0.0,0.0,12.0,
1432,Notebooks & Journals,4800000,14,0,0,34,,,,,
1433,Notebooks & Journals,5590000,19,0,0,38,,,,,
1434,Notebooks & Journals,6000000,17,0,0,36,,,,,
1435,Notebooks & Journals,6990000,12,0,0,32,,,,,
1436,Notebooks & Journals,7990000,23,0,0,52,,,,,
1437,Notebooks & Journals,9600000,4,0,0,8,,,,,
1438,Notebooks & Journals,9990000,27,0,0,58,,,,,
1439,Notebooks & Journals,10800000,18,0,0,38,,,,,
1440,Notebooks & Journals,11190000,19,0,0,38,,,,,
1441,Notebooks & Journals,11990000,49,0,0,114,,,,,
1442,Notebooks & Journals,13200000,6,0,0,14,,,,,
1443,Notebooks & Journals,13430000,7,0,0,14,,,,,
1444,Notebooks & Journals,13500000,6,0,0,12,,,,,
1445,Notebooks & Journals,13990000,13,0,0,28,,,,,
1446,Notebooks & Journals,14990000,16,0,0,36,,,,,
1447,Notebooks & Journals,15990000,4,0,0,8,,,,,
1448,Notebooks & Journals,16500000,8,0,0,16,,,,,
1449,Notebooks & Journals,16790000,2,0,0,4,,,,,
1450,Notebooks & Journals,18470000,19,0,0,48,,,,,
1451,Notebooks & Journals,19190000,1,0,0,2,,,,,
1452,Notebooks & Journals,19990000,1,0,0,2,,,,,
1453,Notebooks & Journals,23090000,14,0,0,32,,,,,
1454,Notebooks & Journals,25190000,5,0,0,10,,,,,
1455,Notebooks & Journals,26390000,4,0,0,8,,,,,
1456,Notebooks & Journals,31490000,1,0,0,2,,,,,
1457,Notebooks & Journals,32990000,2,0,0,6,,,,,
1458,Notebooks & Journals,35990000,1,0,0,2,,,,,
1459,Office,790000,80,0,0,174,,,,,
1460,Office,990000,136,0,0,312,,,,,
1461,Office,1000000,9,0,0,18,,,,,
1462,Office,1200000,79,0,0,168,,,,,
1463,Office,1250000,20,0,0,40,,,,,
1464,Office,1500000,110,0,0,244,,,,,
1465,Office,1590000,265,0,0,654,,,,,
1466,Office,1990000,420,0,0,1018,,,,,
1467,Office,2000000,40,0,0,84,,,,,
1468,Office,2390000,253,0,0,640,,,,,
1469,Office,2500000,44,0,0,88,,,,,
1470,Office,2790000,23,0,0,46,,,,,
1471,Office,2800000,18,0,0,36,,,,,
1472,Office,2990000,280,0,0,684,,,,,
1473,Office,3080000,5,0,0,10,,,,,
1474,Office,3190000,151,0,0,394,,,,,
1475,Office,3350000,24,0,0,50,,,,,
1476,Office,3490000,24,0,0,48,,,,,
1477,Office,3500000,24,0,0,54,,,,,
1478,Office,3850000,9,0,0,18,,,,,
1479,Office,3990000,213,0,0,574,,,,,
1480,Office,4190000,23,0,0,46,,,,,
1481,Office,4400000,28,0,0,58,,,,,
1482,Office,4470000,9,0,0,18,,,,,
1483,Office,4790000,128,0,0,274,,,,,
1484,Office,4800000,12,0,0,26,,,,,
1485,Office,4990000,40,0,0,82,,,,,
1486,Office,5500000,45,0,0,94,,,,,
1487,Office,5590000,72,0,0,148,,,,,
1488,Office,5990000,89,0,0,202,,,,,
1489,Office,6000000,3,0,0,6,,,,,
1490,Office,6150000,19,0,0,40,,,,,
1491,Office,6390000,7,0,0,14,,,,,
1492,Office,6960000,6,0,0,12,,,,,
1493,Office,6990000,56,0,0,118,,,,,
1494,Office,7190000,10,0,0,20,,,,,
1495,Office,7690000,9,0,0,18,,,,,
1496,Office,7990000,71,0,0,142,,,,,
1497,Office,8700000,7,0,0,14,,,,,
1498,Office,8790000,75,0,0,158,,,,,
1499,Office,8990000,22,0,0,56,,,,,
1500,Office,9600000,4,0,0,8,,,,,
1501,Office,9990000,34,0,0,74,,,,,
1502,Office,10070000,14,0,0,32,,,,,
1503,Office,10990000,31,0,0,62,,,,,
1504,Office,11190000,7,0,0,14,,,,,
1505,Office,11990000,31,0,0,66,,,,,
1506,Office,12000000,7,0,0,14,,,,,
1507,Office,12590000,5,0,0,10,,,,,
1508,Office,13990000,5,0,0,10,,,,,
1509,Office,14390000,4,0,0,8,,,,,
1510,Office,14990000,17,0,0,42,,,,,
1511,Office,15990000,7,0,0,16,,,,,
1512,Office,16230000,7,0,0,14,,,,,
1513,Office,17990000,6,0,0,12,,,,,
1514,Office,18990000,1,0,0,10,,,,,
1515,Office,19190000,1,0,0,2,,,,,
1516,Office,19990000,8,0,0,16,,,,,
1517,Office,20290000,7,0,0,14,,,,,
1518,Office,22390000,6,0,0,12,,,,,
1519,Office,23990000,1,0,0,2,,,,,
1520,Office,26390000,5,0,0,14,,,,,
1521,Office,27990000,5,0,0,10,,,,,
1522,Office,28990000,5,0,0,10,,,,,
1523,Office,31990000,2,0,0,4,,,,,
1524,Office,32000000,9,0,0,18,,,,,
1525,Office,32990000,5,0,0,10,,,,,
1526,Office,39990000,7,0,0,14,,,,,
1527,Office,44990000,3,0,0,6,,,,,
1528,Office,63990000,7,0,0,18,,,,,
1529,Office,79990000,5,0,0,10,,,,,
1530,Tumblers/,24990000,1,2,0,0,0.0,,0.0,,
1531,Waze,1590000,18,0,0,48,,,,,
1532,Waze,1990000,39,0,0,94,,,,,
1533,Waze,2390000,12,0,0,24,,,,,
1534,Waze,2990000,19,0,0,38,,,,,
1535,Waze,5590000,12,0,0,24,,,,,
1536,Waze,6990000,48,0,0,98,,,,,
1537,Waze,7190000,15,0,0,30,,,,,
1538,Waze,8990000,12,0,0,26,,,,,
1539,Waze,15190000,14,0,0,32,,,,,
1540,Waze,18990000,14,0,0,32,,,,,
1541,Wearables/Men's T-Shirts/,16990000,30,55,10,0,18.18,0.0,0.0,28.25,1612.0
1542,Wearables/Men's T-Shirts/,18990000,12,18,2,0,11.11,0.0,0.0,161.0,
1543,Wearables/Men's T-Shirts/,19990000,8,14,1,0,7.14,0.0,0.0,,
1544,Wearables/Men's T-Shirts/,24990000,4,8,0,0,0.0,,0.0,101.0,
